id,name,slug,state_id
-1,Unknown,unknown,-1
1,New York,new-york,32
2,Los Angeles,los-angeles,5
3,Chicago,chicago,13
4,Houston,houston,43
5,Phoenix,phoenix,3
6,Philadelphia,philadelphia,38
7,San Antonio,san-antonio,43
8,San Diego,san-diego,5
9,Dallas,dallas,43
10,Jacksonville,jacksonville,9
11,Austin,austin,43
12,Fort Worth,fort-worth,43
13,San Jose,san-jose,5
14,Columbus,columbus,35
15,Charlotte,charlotte,33
16,Indianapolis,indianapolis,14
17,San Francisco,san-francisco,5
18,Seattle,seattle,47
19,Denver,denver,6
20,Oklahoma City,oklahoma-city,36
21,Nashville,nashville,42
22,Washington,washington,51
23,El Paso,el-paso,43
24,Las Vegas,las-vegas,28
25,Boston,boston,21
26,Detroit,detroit,22
27,Portland,portland,37
28,Memphis,memphis,42
29,Baltimore,baltimore,20
30,Milwaukee,milwaukee,49
31,Albuquerque,albuquerque,31
32,Tucson,tucson,3
33,Fresno,fresno,5
34,Sacramento,sacramento,5
35,Mesa,mesa,3
36,Atlanta,atlanta,10
37,Kansas City,kansas-city,25
38,Colorado Springs,colorado-springs,6
39,Omaha,omaha,27
40,Raleigh,raleigh,33
41,Miami,miami,9
42,Virginia Beach,virginia-beach,46
43,Long Beach,long-beach,5
44,Oakland,oakland,5
45,Minneapolis,minneapolis,23
46,Bakersfield,bakersfield,5
47,Tulsa,tulsa,36
48,Tampa,tampa,9
49,Arlington,arlington,43
50,Wichita,wichita,16
51,Aurora,aurora,6
52,New Orleans,new-orleans,18
53,Cleveland,cleveland,35
54,Honolulu,honolulu,11
55,Anaheim,anaheim,5
56,Henderson,henderson,29
57,Orlando,orlando,9
58,Lexington,lexington,17
59,Stockton,stockton,5
60,Riverside,riverside,5
61,Corpus Christi,corpus-christi,43
62,Irvine,irvine,5
63,Cincinnati,cincinnati,35
64,Santa Ana,santa-ana,5
65,Newark,newark,30
66,Saint Paul,saint-paul,23
67,Pittsburgh,pittsburgh,38
68,Greensboro,greensboro,33
69,Durham,durham,33
70,Lincoln,lincoln,27
71,Jersey City,jersey-city,30
72,Plano,plano,43
73,Anchorage,anchorage,2
74,North Las Vegas,north-las-vegas,28
75,St. Louis,st-louis,25
76,Madison,madison,49
77,Chandler,chandler,3
78,Gilbert,gilbert,3
79,Reno,reno,28
80,Buffalo,buffalo,32
81,Chula Vista,chula-vista,5
82,Fort Wayne,fort-wayne,14
83,Lubbock,lubbock,43
84,Toledo,toledo,35
85,St. Petersburg,st-petersburg,9
86,Laredo,laredo,43
87,Irving,irving,43
88,Chesapeake,chesapeake,46
89,Glendale,glendale,3
90,Winston-Salem,winston-salem,33
91,Port St. Lucie,port-st-lucie,9
92,Scottsdale,scottsdale,3
93,Garland,garland,43
94,Boise,boise,12
95,Norfolk,norfolk,46
96,Spokane,spokane,47
97,Richmond,richmond,46
98,Fremont,fremont,5
99,Huntsville,huntsville,1
100,Jackson,jackson,24
102,Shreveport,shreveport,18
103,Del Mar,del-mar,5
104,Mobile,mobile,1
105,Syracuse,syracuse,32
106,Rochester,rochester,32
107,Starkville,starkville,24
108,Beaumont,beaumont,43
109,Baton Rouge,baton-rouge,18
110,Pine Bluff,pine-bluff,4
111,Lakeland,lakeland,9
112,Dayton,dayton,35
113,Ann Arbor,ann-arbor,22
114,Laguna Hills,laguna-hills,5
115,Berkeley,berkeley,5
116,Nanaimo,nanaimo,62
117,Little Rock,little-rock,4
118,Kalamazoo,kalamazoo,22
119,Toronto,toronto,60
120,Hollywood,hollywood,9
121,Concord,concord,5
122,Inglewood,inglewood,5
123,Nagcogdoches,nagcogdoches,43
125,College Station,college-station,43
126,Royal Oak,royal-oak,22
127,Landover,landover,20
128,South Bend,south-bend,14
129,East Rutherford,east-rutherford,30
130,Manhattan,manhattan,16
131,Merrillville,merrillville,14
132,Hartford,hartford,7
133,Ames,ames,15
134,Murfreesboro,murfreesboro,42
135,Salt Lake City,salt-lake-city,44
136,Casper,casper,50
137,Boulder,boulder,6
138,Iowa City,iowa-city,15
139,Union City,union-city,15
140,Providence,providence,39
141,Columbia,columbia,25
142,Knoxville,knoxville,42
143,Odessa,odessa,43
144,Bethlehem,bethlehem,38
145,Ardmore,ardmore,36
146,Passaic,passaic,30
147,Tallahassee,tallahassee,9
148,Logan,logan,44
149,Amarillo,amarillo,43
150,Louisville,louisville,17
151,Chattanooga,chattanooga,42
152,Tempe,tempe,3
153,Winnipeg,winnipeg,58
154,Universal City,universal-city,5
155,Saginaw,saginaw,22
156,San Bernardino,san-bernardino,5
157,Springfield,springfield,21
158,Springfield,springfield,13
159,New Haven,new-haven,7
160,Owensboro,owensboro,17
161,Augusta,augusta,10
162,Terre Haute,terre-haute,14
163,Poughkeepsie,poughkeepsie,32
164,Muskogee,muskogee,36
165,Longview,longview,43
166,Salinas,salinas,16
167,Green Bay,green-bay,49
168,Charleston,charleston,40
169,Ottawa,ottawa,60
170,Fort Worth,fort-worth,14
171,A Uniondale,a-uniondale,32
172,Uniondale,uniondale,32
173,West Palm Beach,west-palm-beach,9
174,Greenville,greenville,33
175,Albany,albany,10
176,Champaign,champaign,13
177,Carbondale,carbondale,13
178,Sunrise,sunrise,9
179,Worcester,worcester,21
180,East Troy,east-troy,49
181,Palmetto,palmetto,9
182,Portland,portland,19
183,London Donald/Don Jones,london-donald-don-jones,60
184,In The Square Kitchener Donald,in-the-square-kitchener-donald,60
185,Columbia Gl,columbia-gl,40
186,San Carlos,san-carlos,5
187,Fort Lauderdale,fort-lauderdale,9
188,Holmdel,holmdel,30
189,Grand Rapids,grand-rapids,22
190,Clearwater,clearwater,9
191,Lawton,lawton,36
192,Evansville,evansville,14
193,Joplin,joplin,25
194,Columbia,columbia,20
195,Johnson City,johnson-city,42
196,Bonner Springs,bonner-springs,16
197,Middletown,middletown,32
198,Rapid City,rapid-city,41
199,Birmingham,birmingham,1
200,Univ Of Davis,univ-of-davis,5
201,Stamford,stamford,7
202,Tacoma,tacoma,47
203,Vancouver,vancouver,62
204,Mountain View,mountain-view,5
205,Costa Mesa,costa-mesa,5
206,For The Performing Arts Mansfield,for-the-performing-arts-mansfield,21
207,La Cruces,la-cruces,31
208,Hamilton,hamilton,60
209,For The Performing Arts Mansfield,for-the-performing-arts-mansfield,21
210,Clarkston,clarkston,22
211,Clarkston,clarkston,22
212,Utica,utica,32
213,Bloomington,bloomington,23
214,Niagara Falls,niagara-falls,32
215,Complex Lake Placid,complex-lake-placid,32
216,Richfield,richfield,35
217,Roanoke,roanoke,46
218,Resort International Hotel Atlantic City,resort-international-hotel-atlantic-city,30
219,Rensselaer Polytechnic Institute Troy,rensselaer-polytechnic-institute-troy,32
220,Of Taylor Co,of-taylor-co,43
221,Daytona Beach,daytona-beach,9
222,Salem At,salem-at,46
223,Willmar,willmar,23
224,Rochester,rochester,23
225,Savannah,savannah,10
226,Santa Monica,santa-monica,5
227,Lake Charles,lake-charles,18
228,Auditorium/Arena Fayetteville,auditorium-arena-fayetteville,33
229,Univ Of Eugene Ore,univ-of-eugene-ore,37
230,Duluth Ss Sellout Cellar Door,duluth-ss-sellout-cellar-door,23
231,Erie,erie,38
232,Greenville,greenville,40
233,Bristol Corp,bristol-corp,42
234,James Madison Univ Harrisonberg _},james-madison-univ-harrisonberg,46
235,Ozark Corp,ozark-corp,1
236,Univ Of Fayetteville,univ-of-fayetteville,4
237,Pensacola,pensacola,9
238,Univ Of North Carotina Chapel Hill,univ-of-north-carotina-chapel-hill,33
239,Hampton,hampton,46
240,Univ Of North Carolina Chapel Hill,univ-of-north-carolina-chapel-hill,33
241,Univ Of Oklahoma Norman,univ-of-oklahoma-norman,36
242,Auburn Univ Auburn,auburn-univ-auburn,1
243,Fort Meyers Gi Sellout,fort-meyers-gi-sellout,9
244,Fort Meyers,fort-meyers,9
245,Georgia Mason Univ Fairfax,georgia-mason-univ-fairfax,46
246,George Mason Univ Fairfax,george-mason-univ-fairfax,46
247,Poland,poland,5
248,Muskegon,muskegon,22
249,Asheville Gehl Corp,asheville-gehl-corp,33
250,Newark,newark,35
251,Belton,belton,43
252,Jemison,jemison,1
253,Angeles Camp,angeles-camp,5
254,York Wy Ae Dl,york-wy-ae-dl,28
255,Wantagh,wantagh,32
256,Latham +,latham,32
257,Wantagh +,wantagh,32
258,Pontiac,pontiac,22
259,Huntington Sellout ==,huntington-sellout,48
260,Tyler,tyler,43
261,Univ Of South Carolina Columbia,univ-of-south-carolina-columbia,40
262,Battle Creek,battle-creek,22
263,St Paul,st-paul,23
264,Edmonton Northlands Edmonton Perryscope Concert,edmonton-northlands-edmonton-perryscope-concert,59
265,George Mason Univ,george-mason-univ,46
266,Seasons/The Four Tops Westbury = Sellout,seasons-the-four-tops-westbury-sellout,32
267,Hills _,hills,5
268,_,,5
269,Hoffman Estates,hoffman-estates,13
270,Augusta Condit Charities,augusta-condit-charities,30
271,:,,47
272,Of Auburn Hills,of-auburn-hills,22
273,Eugene Oregon University Of Bill Graham,eugene-oregon-university-of-bill-graham,37
274,Group Bristol,group-bristol,7
275,Of Auburn Hills Auburn Hills,of-auburn-hills-auburn-hills,22
276,Sellout A,sellout-a,9
277,Montreal Canadian) Wor _ ==,montreal-canadian-wor,61
278,Roussou Nour,roussou-nour,5
279,B,b,47
280,Montreal Canadian),montreal-canadian,61
281,Biloxi D _,biloxi-d,24
282,Canadian) Donald K Donald: Bass Clef Lt Entertainment,canadian-donald-k-donald-bass-clef-lt-entertainment,60
283,Devon,devon,38
284,Westbury,westbury,32
285,Lake Tahoe,lake-tahoe,28
286,Biloxi,biloxi,24
287,Salisbury Sellout,salisbury-sellout,20
288,Peoria,peoria,13
289,Hershey,hershey,38
290,Hershey,hershey,38
291,Johnstown,johnstown,38
292,Edmonton Canadian) Donald K Donald Perryscope,edmonton-canadian-donald-k-donald-perryscope,59
293,Vienna,vienna,46
294,Charleston Entertainment,charleston-entertainment,48
295,George,george,47
296,Paso Robles,paso-robles,5
297,Cedar Rapids B,cedar-rapids-b,15
298,Mountain View Cali,mountain-view-cali,38
299,Canadian) Peterborough,canadian-peterborough,60
300,Univ Of Notre Dame Notre Dame,univ-of-notre-dame-notre-dame,14
301,& Flushing,flushing,32
302,Univ Of,univ-of,43
303,Fairfax,fairfax,46
304,Sellout,sellout,35
305,Albany Cross Country Metropolitan   Entertainment,albany-cross-country-metropolitan-entertainment,32
306,Albany,albany,32
307,Pate & Assoc Buttato,pate-assoc-buttato,32
308,Billings,billings,26
309,Mtn View |_Monie Love,mtn-view-monie-love,5
310,Mtn View,mtn-view,5
311,Of William & Mary Williamsburg,of-william-mary-williamsburg,46
312,___},,13
313,Burgettstown,burgettstown,38
314,Quincy,quincy,47
315,The Woodlands,the-woodlands,43
316,Pesos) Torres Colombia,pesos-torres-colombia,5
317,Fx) Sellout Englewood,fx-sellout-englewood,6
