event_signature,issue_date,field,original_value,true_value
thompson-twins-fair-grandstand-1984-09-30,10/20/1984,gross_receipts_us_us,,144214
thompson-twins-fair-grandstand-1984-09-30,10/20/1984,attendance,,10894
diana-ross-war-memorial-1984-10-03,10/20/1984,attendance,,8248
rod-stewart-the-omni-atlanta-ring-promotions-1984-09-28,10/20/1984,location,"['The Omni', 'Atlanta', 'Ring Promotions']","['The Omni', 'Atlanta']"
alabama-the-centriplex-baton-rouge-spint-1984-09-29,10/20/1984,location,"['The Centriplex', 'Baton Rouge', 'Spint']","['The Centriplex', 'Baton Rouge']"
alabama-humphrey-coliseum-1984-10-04,10/20/1984,location,"['Humphrey Coliseum', 'Starkville, Miss.', 'Spirit']","['Humphrey Coliseum', 'Starkville, Miss.']"
alabama-civic-center-1984-09-28,10/20/1984,location,"['Civic Center', 'Beaumont, Tex.', 'Spirit']","['Civic Center', 'Beaumont, Tex.']"
alabama-pine-blutf-area-spirit-1984-09-30,10/20/1984,location,"['Pine Blutf Area', 'Arkansas', 'Spirit']","['Pine Bluff Area', 'Arkansas']"
doug-henning-fox-theater-1984-10-16,11/3/1984,attendance,,34224
patti-labelle-lyric-opera-house-1984-10-09,11/3/1984,ticket_prices,['20/17'],['20/17/15']
rick-springfield-nbc-arena-honolulu-1984-10-12,11/3/1984,artists,['RICK SPRINGFIELD NBC'],['RICK SPRINGFIELD']
rick-springfield-nbc-arena-honolulu-1984-10-12,11/3/1984,location,"['Arena', 'Honolulu']","['NBC Arena', 'Honolulu']"
alabama-convention-center-1984-10-12,11/3/1984,location,['Convention Center'],"['Convention Center', 'San Antonio']"
rod-stewart-hollywood-(fta.)-sportatorium-1984-10-07,11/3/1984,ticket_prices,['4'],['14']
lionel-richie-bsu-pavilion-1984-10-10,11/3/1984,location,"['Pavilion', 'Boise, Idaho']","['BSU Pavilion', 'Boise, Idaho']"
lionel-richie-bsu-pavilion-1984-10-10,11/3/1984,artists,['LIONEL RICHIE BSU'],['LIONEL RICHIE']
sammy-hagar-market-square-arena-1984-10-17,11/3/1984,attendance,,13151
billy-squier-barton-coliseum-1984-10-16,11/3/1984,ticket_prices,['2'],['12']
david-copperfield-royal-oak-(mich.)-music-theater-1984-10-19,11/3/1984,ticket_prices,[],['15']
"alabama-g.-rollie-white-coliseum,-college-1984-10-21",11/3/1984,artists,['ALABAMA G.'],['ALABAMA']
"alabama-g.-rollie-white-coliseum,-college-1984-10-21",11/3/1984,location,"['Rollie White Coliseum,', 'College Station, Tex.', 'Promotions']","['G. Rollie White Coliseum,', 'College Station, Tex.', 'Promotions']"
fixx-san-francisco-civic-auditorium-1984-10-20,11/3/1984,artists,"['FIXX', 'RONNIE HAYES & THE WILD', 'COMBO D']","['FIXX', 'RONNIE HAYES & THE WILD', 'COMBO']"
quiet-rio-levine-meadows-amphitheatre-1984-09-30,11/3/1984,artists,"['QUIET RIO', 'WHITESNAKE', 'ARMORED SAINTS']","['QUIET RIOT', 'WHITESNAKE', 'ARMORED SAINT']"
quiet-rio-levine-meadows-amphitheatre-1984-09-30,11/3/1984,ticket_prices,[],['16/14']
amy-grant-massey-hall-1984-10-15,11/3/1984,attendance,467,4667
rush-the-spectrum-y&t-philadelphia-1984-11-05,11/24/1984,artists,['RUSH'],"['RUSH', 'Y&T']"
rush-the-spectrum-y&t-philadelphia-1984-11-05,11/24/1984,location,"['The Spectrum', 'Y&T Philadelphia']","['The Spectrum', 'Philadelphia']"
rush-the-spectrum-y&t-philadelphia-1984-11-05,11/24/1984,ticket_prices,['13.50/11.50/89.50'],['13.50/11.50/9.50']
rush-providence-(r.|.)-civic-center-1984-11-07,11/24/1984,artists,['RUSH'],"['RUSH', 'Y & T']"
rush-providence-(r.|.)-civic-center-1984-11-07,11/24/1984,location,"['Providence (R.|.) Civic Center', 'Y&T']",['Providence (R.|.) Civic Center']
julio-iglesias.-harttord-(conn.)-civic-center-1984-09-05,11/24/1984,promoter,['Buster Bonoff/John'],"['Buster Bonoff/John', '& Associates', 'for Pertorming Arts']"
julio-iglesias.-harttord-(conn.)-civic-center-1984-09-05,11/24/1984,location,"['Harttord (Conn.) Civic Center', '& Associates', 'for Pertorming Arts']","['Harttord (Conn.) Civic Center', '& Associates']"
kenny-rogers-memorial-coliseum-1984-10-31,11/24/1984,ticket_prices,['16/813.50'],['16/13.50']
rick-springfield-casper-(wya.)-events-center-1984-11-10,11/24/1984,ticket_prices,['175'],['11.75']
rick-springfield-univ-of-colorado-at-boulder-1984-11-09,11/24/1984,promoter,['Jam Prods./Feyline'],"['Jam Prods./Feyline', 'Presents']"
"chicago-hearns-columbia,-mo,-None",11/24/1984,dates,['Multt-Purpose'],['Nov. 7']
"chicago-hearns-columbia,-mo,-None",11/24/1984,gross_revenue_us,,88802
"chicago-hearns-columbia,-mo,-None",11/24/1984,attendance,,7091
lou-reed-beacon-theatre-1984-10-17,11/24/1984,artists,"['LOU REED', 'SWIMMING POOL']","['LOU REED', 'SWIMMING POOL Qs']"
royal-new-york-doo-wopp-radio-city-music-hall-1984-10-13,11/24/1984,artists,"['ROYAL NEW YORK DOO WOPP', 'VOL.']","['ROYAL NEW YORK DOO WOPP', 'VOL. 13']"
royal-new-york-doo-wopp-radio-city-music-hall-1984-10-13,11/24/1984,location,"['Radio City Music Hall', 'York']","['Radio City Music Hall', 'New York']"
"crosby,-stills-&-nash-memorial-union-fowa-city-concerts-1984-11-04",11/24/1984,location,"['Memorial Union', 'fowa City', 'Concerts']","['Memorial Union', 'Iowa City', 'Concerts']"
"chicago-hearns-columbia,-mo,-None",11/24/1984,location,"['Hearns', 'Columbia, Mo,']","['Hearns Multi-Purpose Building', 'Columbia, Mo,']"
prince-joe-louis-arena-1984-11-04,12/1/1984,dates,"['Nov. 4-5,7-9']","['Nov. 4-5,7-9', '11-12']"
prince-joe-louis-arena-1984-11-04,12/1/1984,ticket_prices,,['17.50']
rick-springfield-reunion-arena-None,12/1/1984,dates,['15'],['Nov. 15']
swatch-watch:-new-york-baltimore-civic-center-1984-11-09,12/1/1984,ticket_prices,[],['11']
reo-speedwagon-omaha-civic-auditorium-1984-11-18,12/1/1984,attendance,,10000
oak-ridge-boys-boise-state-univ.-pavilion-1984-11-03,12/1/1984,attendance,,8621
"culture-club-univ,-of-tennessee-at-chattanooga-arena-1984-11-03",12/1/1984,gross_receipts_us,,89704
"culture-club-univ,-of-tennessee-at-chattanooga-arena-1984-11-03",12/1/1984,attendance,,5867
"kiss-stabler-arena,-lehigh-unv.-1984-11-15",12/1/1984,ticket_prices,['1'],['11']
george-strait-civic-auditorium-1984-11-16,12/1/1984,attendance,,3200
neil-diamond-market-square-arena-1984-12-20,,ticket_prices,[],['17/15']
neil-diamon-houston-summit-1984-12-10,,ticket_prices,,['17/15']
huey-lewis-and-the-news-oakland-coliseum-dee-1984-12-31,,dates,['31'],['Dee. 31']
kenny-rodgers-selland-arena-1985-01-20,2/9/1985,gross_receipts_us_us,,381341
kenny-rodgers-selland-arena-1985-01-20,2/9/1985,attendance,,22130
oak-ridge-boys-carlton-west-1985-01-10,2/9/1985,ticket_prices,['36/330'],['36/33']
alabama-1985-01-26,2/9/1985,dates,['26'],['Jan. 26']
alabama-1985-01-26,2/9/1985,ticket_prices,[],['15']
iron-maiden-ohio-center-1985-01-00,2/9/1985,dates,['Jan.'],['Jan. 5']
iron-maiden-ohio-center-1985-01-00,2/9/1985,gross_receipts_us,,66688
iron-maiden-ohio-center-1985-01-00,2/9/1985,attendance,,5281
dio-met-center-1985-01-27,2/9/1985,attendance,,5256
dio-met-center-1985-01-27,2/9/1985,ticket_prices,['12/511'],['12/11']
dio-dane-county-memorial-coliseum-1985-01-25,2/9/1985,gross_receipts_us_us,,47850
dio-dane-county-memorial-coliseum-1985-01-25,2/9/1985,attendance,,4200
dio-dane-county-memorial-coliseum-1985-01-25,2/9/1985,promoter,[''],['Stardate Prods.']
johnny-cash-frank-crane-arena-1985-01-22,2/9/1985,gross_receipts_us_us,,42072
johnny-cash-frank-crane-arena-1985-01-22,2/9/1985,attendance,,2812
johnny-cash-frank-crane-arena-1985-01-22,2/9/1985,promoter,"['Prods.', '3,509)']",['Artists Consultants Prods.']
george-jones-stabler-arena-1985-01-25,2/9/1985,attendance,,1791
wasp-mid-hudson-civic-center-1985-01-23,2/9/1985,attendance,,2051
wasp-mid-hudson-civic-center-1985-01-23,2/9/1985,promoters,['& Corky Concert Prods.'],"['Harvey & Corky Concert Prods.', 'International Donald K. Donald']"
billy_ocean-the-copa-1985-01-23,2/9/1985,ticket_prices,['4'],['14']
deep-purple-the-centrum-1985-02-28,3/16/1985,ticket_prices,['13'],['13.50/12.50']
kenny-rodgers-freedom-hall-1985-03-16,3/16/1985,attendance,,14263
kenny-rodgers-freedom-hall-1985-03-16,3/16/1985,ticket_prices,['17'],['17.50/15.50']
alabama-south-florida-fairgrounds-1985-02-24,3/16/1985,ticket_prices,,['15']
chicago-mid-south-coliseum-1985-03-03,3/16/1985,attendance,,11171
statler-brothers-holiday-star-theater-1985-02-00,3/16/1985,dates,"['Feb,']",['Feb 24-24']
statler-brothers-holiday-star-theater-1985-02-00,3/16/1985,gross_receipts_us_us,,167050
statler-brothers-holiday-star-theater-1985-02-00,3/16/1985,attendance,,13296
reo-speedwagon-greensboro-nc-coliseum-1985-03-01,3/16/1985,artists,['REO SPEEDWAGON'],"['REO SPEEDWAGON', 'SURVIVOR']"
alabama-jacksonville-fla-coliseum-1985-02-22,3/16/1985,ticket_prices,[],['15']
reo-speedwagon-rochester-ny-community-war-1985-02-19,3/16/1985,ticket_prices,['13.50/312.50'],['13.50/12.50']
eddie-murphy-leon-county-civic-center-1985-02-26,3/16/1985,ticket_prices,[],['14']
new-edition-augusta-ga-civic-center-1985-02-28,3/16/1985,ticket_prices,[],['11/10']
temptation-fox-theatre-1985-02-21,3/16/1985,gross_receipts_us,26949,86949
ronnie-millsap-albany-crve-center-1985-03-01,3/16/1985,artists,"['RONNIE MILSAP', 'JERRY REED']","['RONNIE MILSAP', 'JUDDS', 'JERRY REED']"
tears-for-fears-ottawa-ont-civic-center-1985-06-03,6/15/1985,promoter,['Concert Prods. International/Donald'],"['Concert Prods. International/Donald', 'K. Donald/Bass Clef']"
van-morrison-capitol-theatre-1985-05-18,6/15/1985,promoter,"['Monarch Entertainment Bureau/St,']","['Monarch Entertainment Bureau/St.', 'Pauli Girl Concert Series]"
frankie-goes-tohollywood-fox-theater-1985-05-26,6/15/1985,gross_receipts_us_us,,37221
frankie-goes-tohollywood-fox-theater-1985-05-26,6/15/1985,attendance,,2707
frankie-goes-tohollywood-fox-theater-1985-05-26,6/15/1985,promoter,"['Prods.', '3,985']",['Alex Cooley Prods.']
george-benson-radio-city-music-halt-1985-05-30,6/22/1985,dates,"['May 30-', 'June']","['May 30-', 'June 1']"
alabama-sandstone-1985-06-02,6/22/1985,attendance,,15102
patti-labelle-greek-theatre-1985-06-07,6/22/1985,dates,['7'],['June 7']
fresh-fest-two-carolina-coliseum-1985-06-22,6/22/1985,attendance,,7715
fresh-fest-two-carolina-coliseum-1985-06-22,6/22/1985,ticket_prices,,['11']
kenny-loggins-market-square-arena-1985-06-04,6/22/1985,artists,"['KENNY LOGGINS', 'MARK']","['KENNY LOGGINS', 'MARK McCOLLUM']"
kenny-loggins-market-square-arena-1985-06-04,6/22/1985,gross_revenue_us,,79540
kenny-loggins-market-square-arena-1985-06-04,6/22/1985,attendance,,5892
luther-vandross-lakeland-civic-center-1985-06-02,6/22/1985,dates,['2'],['June 2']
happy-together-tour-audobon-zoo-1985-06-00,6/22/1985,dates,['June'],['June 5']
happy-together-tour-audobon-zoo-1985-06-00,6/22/1985,gross_receipts_us,,49746
happy-together-tour-audobon-zoo-1985-06-00,6/22/1985,attendance,,4609
luther-vandross-the-aladdin-1985-06-07,6/22/1985,ticket_prices,['18/516'],['18/16']
jimmy-stur-band-garden-state-arts-center-1985-06-02,6/22/1985,ticket_prices,[],['11/9/7']
petra-market-square-auditorium-1985-05-25,6/22/1985,ticket_prices,['10.50/48.50'],['10.50/8.50']
santana-fox-theatre-1985-06-00,6/22/1985,dates,['June'],['June 4']
santana-fox-theatre-1985-06-00,6/22/1985,gross_receipts_us,,36231
santana-fox-theatre-1985-06-00,6/22/1985,attendance,,2635
jimmy-stur-band-vernon-valley-action-park-1985-05-26,6/22/1985,ticket_prices,[],['7']
petra-prairie-capital-convention-center-1985-05-30,6/22/1985,ticket_prices,['11/99.50'],['11/9.50']
jeffrey-osborne-celebrity-theater-1985-06-22,6/22/1985,ticket_prices,[],['15']
jeffrey-osborne-celebrity-theater-1985-06-22,6/22/1985,attendance,,1726
petra-mecca-arena-1985-05-27,6/22/1985,artists,"['PETRA MECCA', 'RANDY STONEHILL']","['PETRA', 'RANDY STONEHILL']"
petra-mecca-arena-1985-05-27,6/22/1985,location,"['Arena', 'Milwaukee']","['MECCA Arena', 'Milwaukee']"
petra-mecca-arena-1985-05-27,6/22/1985,ticket_prices,['10.50/58.50'],['10.50/8.50']
smiths-royal-oak-music-theater-1985-06-08,6/22/1985,ticket_prices,[],['14']
phil-collins-and-his-hot-tub-mcnichols-sports-arena-1985-06-13,7/6/1985,artists,['PHIL COLLINS & HIS HOT TUB'],"['PHIL COLLINS & HIS HOT TUB', 'CLUB]"
phil-collins-and-his-hot-tub-mcnichols-sports-arena-1985-06-13,7/6/1985,location,"['McNichols Sports Arena', 'cLuB Denver']","['McNichols Sports Arena', 'Denver']"
kenny-loggins-radio-city-music-hall-dune-1985-06-14,7/6/1985,dates,['14-15'],['June 14-15']
kenny-loggins-radio-city-music-hall-dune-1985-06-14,7/6/1985,artists,"['KENNY LOGGINS', 'MARK']","['KENNY LOGGINS', 'MARK McCOLLUM']"
kenny-loggins-radio-city-music-hall-dune-1985-06-14,7/6/1985,location,"['Radio City Music Hall dune', 'McCOLLUM New York']","['Radio City Music Hall', 'New York']"
howard-jones-red-rocks-amphitheatre-1985-06-12,7/6/1985,ticket_prices,[],['13.75/12.65']
howard-jones-red-rocks-amphitheatre-1985-06-12,7/6/1985,artists,['HOWARD JONES'],"['HOWARD JONES', 'RED 7']"
howard-jones-red-rocks-amphitheatre-1985-06-12,7/6/1985,location,['Red Rocks Amphitheatre'],"['Red Rocks Amphitheatre', 'Denver']"
howard-jones-red-rocks-amphitheatre-1985-06-12,7/6/1985,promoter,"['Feyline Presents', 'RED7 Denver $13.75/$12.65 sellout']",['Feyline Presents']
ratt-great-plains-coliseum-1985-06-19,7/6/1985,artists,['RATT'],"['RATT', ""MAMA'S BOYS""]"
ratt-great-plains-coliseum-1985-06-19,7/6/1985,location,"['Great Plains Coliseum', ""MAMA'S BOYS Lawton, Okla.""]","['Great Plains Coliseum', 'Lawton, Okla.']"
ratt-bicentennial-center-1985-06-18,7/6/1985,artists,['RATT'],"['RATT', ""MAMA'S BOYS""]"
ratt-bicentennial-center-1985-06-18,7/6/1985,location,"['Bicentennial Center', ""MAMA'S BOYS Salina, Kan."", 'Presentations', '—']","['Bicentennial Center', 'Salina, Kan.', 'Presentations', '—']"
kenny-loggins-mesker-music-theater-1985-06-22,7/6/1985,artists,"['KENNY LOGGINS', 'MARK']","['KENNY LOGGINS', 'MARK McCOLLUM']"
kenny-loggins-mesker-music-theater-1985-06-22,7/6/1985,location,"['Mesker Music Theater', 'McCOLLUM Evansville, Ind.']","['Mesker Music Theater', 'Evansville, Ind.']"
ratt-memorial-hall-1985-06-20,7/6/1985,artists,['RATT'],"['RATT', ""MAMA'S BOYS""]"
ratt-memorial-hall-1985-06-20,7/6/1985,location,"['Memorial Hall', ""MAMA'S BOYS Joplin, Mo.""]","['Memorial Hall', 'Joplin, Mo.']"
ratt-memorial-hall-1985-06-20,7/6/1985,ticket_prices,['l2sil'],['12/11']
paco-de-lucia-sextet-warfield-theater-1985-06-18,7/6/1985,ticket_prices,['14.50/23.50'],['14.50/13.50']
violent-femmes-rainbow-music-hall-1985-06-19,7/6/1985,ticket_prices,['19/39'],['19/9']
stanley-clarke-the-moonshadow-1985-06-19,7/6/1985,attendance,338,838
live-aid-jfk-stadium-1985-07-13,7/27/1985,artists,['LIVE AID JFK'],['LIVE AID']
live-aid-jfk-stadium-1985-07-13,7/27/1985,artists,"['Stadium', 'Philadelphia', 'Factory Concerts']","['JFK Stadium', 'Philadelphia']"
live-aid-jfk-stadium-1985-07-13,7/27/1985,promoter,['Bob Geldof/Bill Graham Presents/'],"['Bob Geldof/Bill Graham Presents/', 'Electric Factory Concerts']"
grateful-dead-merriweather-post-pavilion-1985-06-30,7/27/1985,ticket_prices,['l6/1l'],['16/11']
robert-plant-reunion-arena-1985-06-24,7/27/1985,ticket_prices,[],['15']
alabama-astrodome-1985-07-06,7/27/1985,ticket_prices,[],['7']
al-jarreau-blossom-music-festival-1985-07-00,7/27/1985,dates,['July'],['July 8']
al-jarreau-blossom-music-festival-1985-07-00,7/27/1985,gross_receipts_us,,164558
al-jarreau-blossom-music-festival-1985-07-00,7/27/1985,attendance,,13951
rick-springfield-lsu-assembly-center-1985-07-06,,,,
david-copperfield-sunrise-musical-theatre-1987-01-31,,attendance,,11777
david-copperfield-sunrise-musical-theatre-1987-01-31,,ticket_prices,[],['18']
david-lee-roth-duluth-arena-1987-02-07,,ticket_prices,[],['15']
david-lee-roth-duluth-arena-1987-02-07,,ticket_prices,[],['15']
david-lee-roth-duluth-arena-1987-02-07,,ticket_prices,[],['15']
conway-twitty-greenville-memorial-auditorium-1987-02-06,,gross_receipts_us,78611,6171
conway-twitty-greenville-memorial-auditorium-1987-02-06,,promoter,[''],['Varnell Enterprises']
beach-boys-providence-civic-center-1987-02-05,,ticket_prices,[],['7.92']
david-copperfield-lakeland-civic-center-1987-02-08,,gross_receipts_us,,57340
david-copperfield-lakeland-civic-center-1987-02-08,,ticket_sold,,3573
hank-williams-jr-barnhill-arena-1987-02-01,,ticket_prices,[],['13.50']
george-carlin-westport-playhouse-1987-01-31,,ticket_prices,[],['16']
pretenders-memphis-convention-center-1987-01-24,,ticket_prices,['5.'],['15']
lionel-richie-neal-s-blaisdell-center-1987-02-19,,ticket_prices,[],['18.50']
lionel-richie-neal-s-blaisdell-center-1987-02-19,,attendance,235871,25871
iron-maiden-oakland-alameda-county-1987-02-21,,ticket_prices,,['18.50/16.50']
bob-seger-and-the-silver-bullet-band-myriad-convention-center-1987-02-05,,ticket_prices,[],['16/15']
bon-jovi-sportatorium-1987-02-14,,ticket_prices,[],['14']
huey-lewis-and-the-news-lee-civic-center-1987-01-31,,ticket_prices,[],['15']
bon-jovi-lee-civic-center-1987-01-31,,ticket_prices,[],['15']
bon-jovi-bayfront-center-1987-02-15,,ticket_prices,[],['15']
hank-williams-jr-richmond-coliseum-1987-02-13,,ticket_prices,[],['15']
genesis-orange-bowl-1987-03-14,,ticket_prices,[],['17.75']
iron-maiden-long-beach-convention-and-entertainment-center-arena-1987-02-16,,attendance,3556,33956
neil-diamond-pensacola-civic-center-1987-02-20,,attendance,[],['17.50/15']
bon-jovi-barton-coliseum-1982-02-28,,attendance,[],['15']
dio-dane-county-memorial-coliseum-1985-01-25,,gross_receipts_us,,47850
dio-dane-county-memorial-coliseum-1985-01-25,,attendance,,4200
johnny-cash-frank-crane-arena-1985-01-22,,gross_receipts_us,,42072
johnny-cash-frank-crane-arena-1985-01-22,,attendance,,2812
billy_ocean-the-copa-1985-01-23,,ticket_prices,['4'],['4']
deep-purple-the-centrum-1985-02-28,,ticket_prices,['13'],['13.50/12.50']
kenny-rodgers-freedom-hall-1985-03-16,,attendance,,14263
kenny-rodgers-freedom-hall-1985-03-16,,ticket_prices,['17'],['17.50/15.50']
alabama-south-florida-fairgrounds-1985-02-24,,ticket_prices,,['15']
chicago-mid-south-coliseum-1985-03-03,,attendance,,11171
statler-brothers-holiday-star-theater-1985-02-00,,dates,"['Feb,']",['Feb 24-24']
statler-brothers-holiday-star-theater-1985-02-00,,gross_receipts_us,,167050
statler-brothers-holiday-star-theater-1985-02-00,,attendance,,13296
reo-speedwagon-greensboro-nc-coliseum-1985-03-01,,artists,['REO SPEEDWAGON'],"['REO SPEEDWAGON', 'SURVIVOR']"
alabama-jacksonville-fla-coliseum-1985-02-22,,ticket_prices,[],['15']
eddie-murphy-leon-county-civic-center-1985-02-26,,ticket_prices,[],['14']
new-edition-augusta-ga-civic-center-1985-02-28,,ticket_prices,[],['11/10']
temptation-fox-theatre-1985-02-21,,gross_receipts_us,26949,86949
frankie-goes-to-hollywood-fox-theater-1985-05-26,,gross_receipts_us,,37221
frankie-goes-to-hollywood-fox-theater-1985-05-26,,attendance,,2707
george-benson-radio-city-music-hall-1985-06-22,,dates,"['May 30-', 'June']","['May 30-', 'June 1']"
alabama-sandstone-1985-06-02,,attendance,,15102
patti-labelle-greek-theatre-1985-06-07,,dates,['7'],['June 7']
fresh-fest-two-carolina-coliseum-1985-06-22,,attendance,,7715
fresh-fest-two-carolina-coliseum-1985-06-22,,ticket_prices,,['11']
luther-vandross-lakeland-civic-center-1985-06-02,,dates,['2'],['June 2']
happy-together-tour-audobon-zoo-1985-06,,dates,['June'],['June 5']
happy-together-tour-audobon-zoo-1985-06,,gross_receipts_us,,49746
happy-together-tour-audobon-zoo-1985-06,,attendance,,4609
jimmy-stur-band-garden-state-arts-center-1985-06-02,,ticket_prices,[],['11/9/7']
santana-fox-theatre-1985-06-04,,gross_receipts_us,,36231
santana-fox-theatre-1985-06-04,,attendance,,2635
jimmy-stur-band-vernon-valley-action-park-1985-05-26,,ticket_prices,[],['7']
jeffrey-osborne-celebrity-theater-1985-06-22,,ticket_prices,[],['15']
jeffrey-osborne-celebrity-theater-1985-06-22,,attendance,,1726
smiths-royal-oak-music-theater-1985-06-08,,ticket_prices,[],['14']
kenny-loggins-radio-city-music-hall-1985-06-14,,dates,['14-15'],['June 14-15']
howard-jones-red-rocks-amphitheatre-1985-06-12,,ticket_prices,[],['13.75/12.65']
david-copperfield-sunrise-musical-theatre-1987-01-31,,attendance,,11777
david-copperfield-sunrise-musical-theatre-1987-01-31,,ticket_prices,[],['18']
david-lee-roth-duluth-arena-1987-02-07,,ticket_prices,[],['15']
david-lee-roth-duluth-arena-1987-02-07,,ticket_prices,[],['15']
david-lee-roth-duluth-arena-1987-02-07,,ticket_prices,[],['15']
conway-twitty-greenville-memorial-auditorium-1987-02-06,,gross_receipts_us,78611,6171
conway-twitty-greenville-memorial-auditorium-1987-02-06,,promoter,[''],['Varnell Enterprises']
beach-boys-providence-civic-center-1987-02-05,,ticket_prices,[],['7.92']
david-copperfield-lakeland-civic-center-1987-02-08,,gross_receipts_us,,57340
david-copperfield-lakeland-civic-center-1987-02-08,,ticket_sold,,3573
hank-williams-jr-barnhill-arena-1987-02-01,,ticket_prices,[],['13.50']
george-carlin-westport-playhouse-1987-01-31,,ticket_prices,[],['16']
pretenders-memphis-convention-center-1987-01-24,,ticket_prices,['5.'],['15']
lionel-richie-neal-s-blaisdell-center-1987-02-19,,ticket_prices,[],['18.50']
lionel-richie-neal-s-blaisdell-center-1987-02-19,,attendance,235871,25871
iron-maiden-oakland-alameda-county-1987-02-21,,ticket_prices,,['18.50/16.50']
bob-seger-and-the-silver-bullet-band-myriad-convention-center-1987-02-05,,ticket_prices,[],['16/15']
bon-jovi-sportatorium-1987-02-14,,ticket_prices,[],['14']
huey-lewis-and-the-news-lee-civic-center-1987-01-31,,ticket_prices,[],['15']
bon-jovi-lee-civic-center-1987-01-31,,ticket_prices,[],['15']
bon-jovi-bayfront-center-1987-02-15,,ticket_prices,[],['15']
hank-williams-jr-richmond-coliseum-1987-02-13,,ticket_prices,[],['15']
genesis-orange-bowl-1987-03-14,,ticket_prices,[],['17.75']
iron-maiden-long-beach-convention-and-entertainment-center-arena-1987-02-16,,attendance,3556,33956
neil-diamond-pensacola-civic-center-1987-02-20,,attendance,[],['17.50/15']
bon-jovi-barton-coliseum-1982-02-28,,attendance,[],['15']
rick-springfield-nbc-arena-1984-10-12,,artists,['RICK SPRINGFIELD NBC'],['RICK SPRINGFIELD']
tom-jones-fox-theater-1984-11-24,,artists,"['TOM JONES:', 'GEORGE WALLACE']","['TOM JONES', 'GEORGE WALLACE']"
rush-the-spectrum-1984-11-05,,artists,['RUSH'],"['RUSH', 'Y & T']"
rush-providence-civic-center-1984-11-07,,artists,['RUSH'],"['RUSH', 'Y & T']"
lou-reed-beacon-theatre-1984-10-17,,artists,"['LOU REED', 'SWIMMING POOL']","['LOU REED', 'SWIMMING POOL Qs']"
royal,,artists,"['ROYAL NEW YORK DOO WOPP', 'VOL.']","['ROYAL NEW YORK DOO WOPP', 'VOL. 13']"
quiet-riot-winmpeg-arena-1984-11-07,,artists,"['QUIET RIOT', 'WHITESNAKE', 'K.', 'KICKAXE']","['QUIET RIOT', 'WHITESNAKE', 'KICKAXE']"
night-ranger-cow-palace-1984-12-31,,artists,"['NIGHT RANGER', 'MICHAEL FURLONG']","['NIGHT RANGER', 'Y & T', 'MICHAEL FURLONG']"
bruce-springsteen-providence-civic-center-1985-01-23,,artists,['BRUCE SPRINGSTEEN'],"['BRUCE SPRINGSTEEN', '& THE E STREET BAND']"
bill-cosby-mid-hudson-civic-center-1985-01-18,,artists,"['BILL COSBY', 'K.']",['BILL COSBY']
temptations-fox-theatre-1985-02-21,,artists,['TEMPTATIONS'],"['TEMPTATIONS', 'SOS', 'ONE WAY']"
kenny-loggins-radio-city-music-hall-dune-,,artists,"['KENNY LOGGINS', 'MARK']","['KENNY LOGGINS', 'MARK McCOLLUM']"
temptations-fox-theater-1985-06-22,,artists,['TEMPTATIONS'],"['TEMPTATIONS', 'FOUR TOPS']"
rick-springfield-lsu-assembly-center-1985-07-06,7/27/1985,location,"['Assembly Center', '""TIL TUESDAY Baton Rouge, La.']","['LSU Assembly Center', 'Baton Rouge, La.']"
tom-petty-and-the-sun-dome-1985-07-12,7/27/1985,ticket_prices,[],['14']
new-york-fresh-festival-mecca-arena-1985-06-26,7/27/1985,artists,['NEW YORK FRESH FESTIVAL MECCA'],['NEW YORK FRESH FESTIVAL']
new-york-fresh-festival-mecca-arena-1985-06-26,7/27/1985,attendance,,8692
new-york-fresh-festival-mecca-arena-1985-06-26,7/27/1985,ticket_prices,,['12/8.50']
new-york-fresh-festival-mecca-arena-1985-06-26,7/27/1985,location,"['Arena', 'Milwaukee a sellout']","['MECCA Arena', 'Milwaukee']"
huey-lewis-and-the-news-meriweather-post-pavilion-1985-07-27,8/10/1985,promoter,[''],['Nederlander Organization']
huey-lewis-and-the-news-cne-grandstand-1985-07-20,8/10/1985,location,"['Grandstand', 'Toronto']","['CNE Grandstand', 'Toronto']"
huey-lewis-and-the-news-cne-grandstand-1985-07-20,8/10/1985,artists,"['HUEY LEWIS & THE NEWS CNE', 'NEVILLE BROTHERS']","['HUEY LEWIS & THE NEWS', 'NEVILLE BROTHERS']"
bryan-adams-rushmore-plaza-civic-center-1985-07-21,8/10/1985,ticket_prices,['.0.'],['13.50']
willie-nelson-the-spectrum-1985-07-25,8/10/1985,attendance,,8311
new-edition-washington-None,8/10/1985,dates,['(0.C.)'],['July 19']
new-edition-washington-None,8/10/1985,gross_receipts_us,,132000
new-edition-washington-None,8/10/1985,attendance,,11000
new-edition-washington-None,8/10/1985,location,"['Washington', 'Center']","['Washington (D.C.) Convention', 'Center']"
al-jarreau-meriweather-post-pavilion-1985-07-21,8/10/1985,ticket_prices,[],['14/9']
eric-clapton-compton-terrace-1985-07-21,8/10/1985,gross_receipts_us,,88599
eric-clapton-compton-terrace-1985-07-21,8/10/1985,attendance,,6573
eric-clapton-compton-terrace-1985-07-21,8/10/1985,promoter,"['Prods.', '10,000']",['Evening Star Prods.']
scorpions-compton-terrace-1985-09-02,9/21/1985,attendance,,35868
kenny-rodgers-nassau-veterans-1985-08-29,9/21/1985,attendance,,16826
willie-nelson-and-family-minnesota-state-fair-1985-08-22,9/21/1985,artists,"['WILLIE NELSON & FAMILY', 'WAYLON JENNINGS', 'COLTER']","['WILLIE NELSON & FAMILY', 'WAYLON JENNINGS', 'JESSI COLTER']"
willie-nelson-and-family-minnesota-state-fair-1985-08-22,9/21/1985,ticket_prices,['9/84.50'],['9/4.50']
power-station-meadowlands-arena-1985-08-28,9/21/1985,ticket_prices,['15.50/813.50'],['15.50/13.50']
reo-speedwagon-red-rocks-amphitheatre-1985-09-02,9/21/1985,ticket_prices,"['14,85/813.75']","['14,85/13.75']"
neil-young-minnesota-state-fair-1985-09-01,9/21/1985,ticket_prices,[],['14/8']
tears-for-fears-red-rocks-amphitheatre-1985-09-08,9/21/1985,ticket_prices,['13.75/812.65'],['13.75/812.65']
ratt-nashvine-municipal-auditorium-1985-08-22,9/21/1985,artists,"['RATT', 'BON JOV)']","['RATT', 'BON JOVI', 'Y & T']"
statler-brothers-indiana-state-faur-1985-08-25,9/21/1985,ticket_prices,[],['11/9']
oak-ridge-boys-minnesota-state-fair-1985-08-25,9/21/1985,ticket_prices,['9/54.50'],['9/4.50']
luciano-pavarotti-freedom-hall-1986-01-30,,ticket_prices,['500-815'],['500-15']
pat-benatar-alameda-county-coliseum-arena-1986-02-02,,ticket_prices,[],['15']
rush-cow-palace-1986-01-30,,ticket_prices,[],['15']
zztop-barton-cohseum,,ticket_prices,[],['15']
alabama-wheeling-w-va-civic-center-1986-02-01,,ticket_prices,[],['17.50']
loverboy-mid-south-coliseum-1986-01-28,,ticket_prices,['4'],['14']
zztop-lake-charles-la-civic-center-1986-01-30,,promoter,[''],['Beaver Prods']
zztop-lake-charles-la-civic-center-1986-01-30,,gross_receipts_us,,124635
zztop-lake-charles-la-civic-center-1986-01-30,,attendance,,8309
alabama-saginaw-mich-civic-center-1986-01-31,,gross_receipts_us,,117057
alabama-saginaw-mich-civic-center-1986-01-31,,attendance,,6689
hank-williams-and-the-bama-sun-dome-univ-of-south-fla-1986-01-24,,gross_receipts_us,,"95,805"
hank-williams-and-the-bama-sun-dome-univ-of-south-fla-1986-01-24,,attendance,,6181
loverboy-albany-ga-civie-center-1986-02-02,,ticket_prices,['14.50/513.50'],['14.50/13.50']
jerry-garcia-orpheum-theater-1986-02-01,,artists,['JERRY GARCIA'],"['JERRY GARCIA', 'JOHN KAHN']"
twisted-sister-met-center-1986-02-03,,ticket_prices,['4'],['14']
kiss-mckale-center-1986-02-02,,ticket_prices,[],['12.50']
jerry-garcia-the-ritz-1986-01-27,,ticket_prices,"['17.50/815,']",['17.50/15']
elton-john-the-spectrum-1986-09-02,,attendance,,34222
dokken-irvine-meadows-amphitheater-1986-09-13,,ticket_prices,['17.50/816'],['17.50/16']
manhattan-transfer-great-woods-center-for-the-1986-08-12,,ticket_prices,['17.50/815/12.50'],['17.50/15/12.50']
anne-murray-riverbend-music-theater-1986-09-27,,ticket_prices,['16/59'],['16/9']
george-thorogood-and-the-concord-pavilion-1986-09-12,,ticket_prices,['15.50/813.50'],['15.50/13.50']
amy-grant-starwood-amphitheater-1986-09-27,,ticket_prices,['15.50/813'],['15.50/13']
genesis-the-forum-1986-10-13,,attendance,5739,85739
journey-the-spectrum-1986-10-14,,artists,"['JOURNEY', 'GLASS']","['JOURNEY', 'GLASS TIGER']"
bob-seger-and-the-silver-hartford-civic-center-1986-10-19,,ticket_prices,[],['16/14']
uza-minnelli-front-row-theater-1986-10-07,,gross_receipts_us,2327,342327
neil-young-and-crazy-horse-rosemont-horizontal-1986-10-18,,gross_receipts_us,24549,234549
neil-young-and-crazy-horse-rosemont-horizontal-1986-10-18,,attendance,1349,13449
stevie-wonder-maple-leaf-gardens-1986-10-10,,attendance,,12840
the-monkees-the-omni-1986-10-18,,artists,"['THE MONKEES', 'THE GRASS ROOTS', 'GARY PUCKETT & THE UNION']","['THE MONKEES', 'THE GRASS ROOTS', 'GARY PUCKETT & THE UNION', 'GAP', ""HERMAN'S HERMITS""]"
james-taylor-pacific-amphitheatre-1986-10-07,,attendance,,11225
the-oak-ridge-boys-concerts-in-the-country-1986-10-17,,ticket_prices,['3'],['13']
bob-seger-and-the-silver-bullet-band-the-forum-1987-01-05,,attendance,214,46214
kenny-rodgers-arco-arena-1987-01-04,,artists,"['KENNY ROGERS ARCO', 'EDDIE RABBITT', 'T. GRAHAM BROWN:']","['KENNY ROGERS', 'EDDIE RABBITT', 'T. GRAHAM BROWN']"
huey-lewis-and-the-news-thomas-and-mack-center-1987-01-11,,artists,"['HUEY LEWIS & THE NEWS', 'BONNIE HAYES & THE WILD']","['HUEY LEWIS & THE NEWS', 'BONNIE HAYES & THE WILD', 'COMBO']"
huey-lewis-and-the-news-thomas-and-mack-center-1987-01-11,,ticket_prices,[],['16.50']
cyndi-lauper-cumberland-county-civic-center-1986-12-17,,ticket_prices,[],['14']
cyndi-lauper-music-hall-1987-01-08,,gross_receipts_us,37895,87895
cyndi-lauper-lakeland-civic-center-1986-12-28,,ticket_sold,1252,7252
cyndi-lauper-lakeland-civic-center-1986-12-28,,artists,"['CYNDI LAUPER', 'EDDIE MONEY', 'LL']","['CYNDI LAUPER', 'EDDIE MONEY']"
stryper-santa-monica-civic-auditorium-1987-01-03,,ticket_prices,[],['14']
ready-for-the-world-civic-memorial-auditorium-1987-01-04,,artists,"['READY FOR THE WORLD', 'CHICO DEBARGE']","['READY FOR THE WORLD', 'CHICO DEBARGE', 'SIR-MIX-A-LOT']"
iron-maiden-the-spectrum-1987-01-13,,ticket_prices,[],['15/13']
david-lee-roth-providence-civic-center-1987-01-16,,artists,['DAVID LEE ROTH'],"['DAVID LEE ROTH', 'TESLA']"
ratt-richfield-coliseum-1987-01-04,,ticket_prices,[],['15/14']
bon-jovi-el-paso-county-coliseum-1987-01-01,,location,"['Paso County Coliseum', 'Texas']","['El Paso County Coliseum', 'Texas']"
george-strait-augusta-civic-center-1987-01-17,,ticket_prices,[],['14']
run-dmc-univ-of-nevada-at-las-vegas-1986-12-30,,dates,['30'],['Dec. 30']
cyndi-lauper-frank-erwin-center-1987-01-10,,gross_receipts_us,,77935
statler-bros-cumberland-county-memorial-1987-01-17,,attendance,,5109
new-order-james-l-knight-international-center-1986-12-15,,ticket_prices,[],['15']
marshall-tucker-band-contemporary-prods-1986-12-27,,ticket_prices,[],['15']
robert-cray-starry-knight-1987-01-10,,artists,"['ROBERT CRAY', 'CURTIS SALGADO & THE']","['ROBERT CRAY', ""CURTIS SALGADO & THE STILLETO'S""]"
bad-brains-the-ritz-1987-01-17,,ticket_prices,[],['12/10']
robert-cray-band-erb-memorial-union-ballroom-1987-01-11,,gross_receipts_us,,10770
robert-cray-band-erb-memorial-union-ballroom-1987-01-11,,attendance,,1350
frank-sinatra-olympic-1991-05-03,6/1/1991,dates,['May 3'],['May 9']
frank-sinatra-olympic-1991-05-03,6/1/1991,attendance,7788,7748
frank-sinatra-olympic-1991-05-03,6/1/1991,promoter,['Perryscope'],"['Perryscope', 'Concert Prods.']"
the-judds-jon-m-1991-05-01,6/1/1991,dates,['May 1'],['May 11']
the-judds-jon-m-1991-05-01,6/1/1991,ticket_prices,"['34.50/824.50/', '19.50']","['34.50/24.50/', '19.50']"
the-simple-truth-a-wembley-arena-1991-05-12,6/1/1991,artists,"['â€œâ€œTHE SIMPLE TRUTH""A', 'CONCERT FOR KURDISH', 'REFUGEES:', 'MMC, HAMMER, SNAP, GIPSY', 'KINGS, CHRIS DE BURGH', 'TOM JONES, LISA', 'STANSFIELD, ALLISON', 'BEVERLY CRAVEN,', ""ALEXANDER O'NEAL: VIA"", 'SATELLITE:', 'NEW KIDS ON THE BLOCK,', 'STING, ROD STEWART', 'INXS, PAUL SIMON, PETER', 'GABRIEL', ""SINEAD O'CONNOR, HALL &"", 'OATES.']","[""'â€œâ€œTHE SIMPLE TRUTH'—A"", 'CONCERT FOR KURDISH', 'REFUGEES:', 'MMC, HAMMER, SNAP, GIPSY', 'KINGS, CHRIS DE BURGH', 'TOM JONES, LISA', 'STANSFIELD, ALLISON', 'MOYET', 'BEVERLY CRAVEN,', ""ALEXANDER O'NEAL: VIA"", 'SATELLITE:', 'NEW KIDS ON THE BLOCK,', 'STING, ROD STEWART', 'INXS, PAUL SIMON, PETER', 'GABRIEL', ""SINEAD O'CONNOR, HALL &"", 'OATES.']"
the-simple-truth-a-wembley-arena-1991-05-12,6/1/1991,ticket_prices,['25.20'],['25.70']
the-simple-truth-a-wembley-arena-1991-05-12,6/1/1991,location,"['Wembley Arena =', 'London', 'pounds)', 'MOvET']","['Wembley Arena =', 'London']"
whitney-houston-arco-arena-1991-05-12,6/1/1991,artists,['WHITNEY HOUSTON ARCO'],"['WHITNEY HOUSTON', 'AFTER 7']"
whitney-houston-arco-arena-1991-05-12,6/1/1991,location,"['Arena', 'AFTER? Sacramento,', 'Catt']","['ARCO Arena', 'Sacramento,', 'Catt']"
steve-winwood-starplex-1991-05-17,6/1/1991,ticket_prices,['23/818'],['23/18']
clint-black-red-rocks-1991-05-17,6/1/1991,promoter,['Beaver Prods.'],"['Beaver Prods.', 'Fey Concert Co.']"
clint-black-red-rocks-1991-05-17,6/1/1991,ticket_prices,['21.45/518.15'],['21.45/18.15']
clint-black-red-rocks-1991-05-17,6/1/1991,location,"['Red Rocks', 'Amphitheatre', 'Concert Co.', 'Denver']","['Red Rocks', 'Amphitheatre', 'Denver']"
clint-black-tingley-1991-05-18,6/1/1991,artists,"['CLINT BLACK', 'MERLE HAGGARD', 'LORRIE MORGAN', 'NM.']","['CLINT BLACK', 'MERLE HAGGARD', 'LORRIE MORGAN']"
clint-black-tingley-1991-05-18,6/1/1991,location,"['Tingley', 'Coliseum, New', 'Menico State', 'Fairgrounds', 'Albuquerque,']","['Tingley', 'Coliseum, New', 'Menico State', 'Fairgrounds', 'Albuquerque,', 'N.M.']"
alabama-starpiex-1991-05-18,6/1/1991,ticket_prices,['22/818'],['22/18']
yes-blockbuster-1991-05-00,6/1/1991,dates,['May'],['May 11']
yes-blockbuster-1991-05-00,6/1/1991,gross_receipts_us,,170983
yes-blockbuster-1991-05-00,6/1/1991,attendance,,9720
the-judds-spokane-center-1991-05-09,6/1/1991,gross_receipts_us,170377,170177
the-judds-spokane-center-1991-05-09,6/1/1991,attendance,,6946
yes-arco-arena-1991-05-16,6/1/1991,artists,['YES ARCO'],['YES']
yes-arco-arena-1991-05-16,6/1/1991,location,"['Arena', 'Sacramento,', 'Cali.']","['ARCO Arena', 'Sacramento,', 'Cali.']"
julio-iglesias-arco-arena-1991-05-19,6/1/1991,artists,['JULIO IGLESIAS ARCO'],['JULIO IGLESIAS']
julio-iglesias-arco-arena-1991-05-19,6/1/1991,location,"['Arena', 'Sacramento,', 'Cali.']","['ARCO Arena', 'Sacramento,', 'Cali.']"
whitney-houston-winnipeg-arena-1991-04-29,6/1/1991,artists,['WHITNEY HOUSTON'],"['WHITNEY HOUSTON', 'AFTER 7']"
whitney-houston-winnipeg-arena-1991-04-29,6/1/1991,location,"['Winnipeg Arena', 'AFTER? Winnipeg,', 'Manitoba Canadian)']","['Winnipeg Arena', 'Winnipeg,', 'Manitoba Canadian)']"
styx-sunrise-musical-1991-05-16,6/1/1991,gross_receipts_us,,140770
styx-sunrise-musical-1991-05-16,6/1/1991,attendance,,6856
bally-joel-yankee-stadium-1990-06-22,7/14/1990,ticket_prices,[],['30']
madonna-meadowlands-1990-06-24,7/14/1990,artists,"['MADONNA', 'TECHNOTRONIC', 'NJ.']","['MADONNA', 'TECHNOTRONIC']"
madonna-meadowlands-1990-06-24,7/14/1990,location,"['Meadowlands:', 'Arena', 'East Rutherford,']","['Meadowlands:', 'Arena', 'East Rutherford,', 'N.J.']"
billy-joel-providence-center-1990-06-27,7/14/1990,gross_receipts_us,,1043700
billy-joel-providence-center-1990-06-27,7/14/1990,attendance,,42600
david-bowe-palace-of-1990-06-22,7/14/1990,gross_receipts_us,,980625
david-bowe-palace-of-1990-06-22,7/14/1990,attendance,,39225
david-bowe-palace-of-1990-06-22,7/14/1990,location,"['Bowe Palace of', 'Auburn Hills', 'Auburn Hills,', 'Mich.']","['Palace of', 'Auburn Hills', 'Auburn Hills,', 'Mich.']"
depeche-mode-stadium-1990-06-22,7/14/1990,promoter,['Concert Prods.'],"['Concert Prods.', 'International']"
gipsy-kings-the-greek-1990-06-23,7/14/1990,promoter,['Nederlander'],"['Nederlander', 'Organization']"
fleetwood-mac-world-music-1990-06-27,7/14/1990,location,"['World Music', 'Theatre', 'Tinley Park, (Il.']","['World Music', 'Theatre', 'Tinley Park, Ill.']"
b52s-mann-music-1990-06-23,7/14/1990,artists,"['B52S', 'DGGY MARLEY & THE', 'MELODY MAKERS.']","[""B-52'S"", 'DGGY MARLEY & THE', 'MELODY MAKERS.']"
b52s-mann-music-1990-06-23,7/14/1990,attendance,13847,13147
budweiser-superfest-the-summit-dune-None,7/14/1990,artists,"['BUOWEISER SUPERFEST:', 'MAZE FEATURING FRANKIE', 'BEVERLY', 'STEPHANIE MALLS.', 'GAP BAND', 'CHRISTOPHER WILLIAMS']","['BUOWEISER SUPERFEST:', 'MAZE FEATURING FRANKIE', 'BEVERLY', 'STEPHANIE MALLS.', 'GAP BAND', 'TONY! TONI! TONE!', 'CHRISTOPHER WILLIAMS']"
budweiser-superfest-the-summit-dune-None,7/14/1990,dates,['22'],['June 22']
budweiser-superfest-the-summit-dune-None,7/14/1990,ticket_prices,['23.75/822.75'],['23.75/22.75']
budweiser-superfest-the-summit-dune-None,7/14/1990,location,"['The Summit dune', 'Houston', 'TONY! TON# TONE!']","['The Summit', 'Houston']"
b57-jones-beach-1990-06-28,7/14/1990,artists,"['B57', 'THE PYLON']","[""B-52'S"", 'THE PYLON']"
steve-miller-mann-music-1990-06-22,7/14/1990,attendance,11875,11975
steve-miller-garden-state-1990-06-27,7/14/1990,ticket_prices,['22.50/815'],['22.50/15']
steve-miller-garden-state-1990-06-27,7/14/1990,location,"['Garden State', 'Arts Center', 'Holmdel, Nu.']","['Garden State', 'Arts Center', 'Holmdel, N.J.']"
steve-miller-seashore-1990-06-29,7/14/1990,ticket_prices,['20/519'],['20/19']
nss-the-spectrum-1990-06-26,7/14/1990,artists,"['NSS', 'SLAUGHTER:', 'UTTLE CAESAR']","['KISS', 'SLAUGHTER:', 'LITTLE CAESAR']"
mc-hanmer-thompson-dune-None,7/14/1990,artists,"['MC. HANMER', 'MICHELE', 'TROOP']","['MC. HANMER', 'AFTER 7', ""MICHEL'LE"", ""OAKTOWN'S 3-5-7"", 'TROOP']"
mc-hanmer-thompson-dune-None,7/14/1990,location,"['Thompson dune', 'AFTER? Boling Assembly', 'Center & Arena', ""OAKTOWN'S"", 'of', 'Tennessee,', 'Knoxville', 'Knoxville, Tenn.']","['Thompson', 'Boiling Assembly', 'Center & Arena', 'Univ. of', 'Tennessee,', 'Knoxville', 'Knoxville, Tenn.']"
ac-hammer-tallahassee-1990-06-23,7/14/1990,artists,"['AC. HAMMER', 'AFTER', 'MICHELLE.', 'TROOP']","['AC. HAMMER', 'AFTER 7', 'MICHELLE.', ""OAKTOWN'S 3-5-7"", 'TROOP']"
ac-hammer-tallahassee-1990-06-23,7/14/1990,location,"['Tallahassee-', 'County', 'Cwic Center', ""OAKTOWN'S"", 'Fla.']","['Tallahassee-', 'Leon County', 'Cwic Center', 'Tallahassee, Fla.']"
ziggy-marley-and-the-seashore-1990-06-30,7/14/1990,ticket_prices,['20/519'],['20/19']
phil-collins-nassau-1990-05-31,6/16/1990,attendance,62500,52500
phil-collins-nassau-1990-05-31,6/17/1990,promoter,['Ron Delsener'],"['Ron Delsener', 'Enterprises']"
world-series-of-rock-alpine-valley-1990-05-26,6/18/1990,artists,"['WORLD SERIES OF ROCK', 'WHITESNAKE', 'SKID ROW', 'GREAT WHITE', 'BAD ENGLISH', 'HERICANE ALICE']","['WORLD SERIES OF ROCK', ""'90:"",  'WHITESNAKE', 'SKID ROW', 'GREAT WHITE', 'BAD ENGLISH', 'HERICANE ALICE']"
world-series-of-rock-alpine-valley-1990-05-26,6/19/1990,promoter,"['Joseph', 'Entertainment', 'Group']",
world-series-of-rock-alpine-valley-1990-05-26,6/20/1990,ticket_prices,[],['32.50/25.50']
madonna-rosemont-1990-05-23,6/21/1990,attendance,,33954
aerosmith-palace-of-1990-05-25,6/22/1990,gross_receipts_us,866385,38506
aerosmith-palace-of-1990-05-25,6/23/1990,promoter,"['38,506 Belkin Prods.']","['Belkin Prods.', 'Cellar Door Prods.']"
aerosmith-palace-of-1990-05-25,6/24/1990,location,"['Palace of', 'Auburt Hills a', 'Door Prods.', 'Auburn Hills,', 'Mich']","['Palace of', 'Auburn Hills', 'Auburn Hills,', 'Mich.']"
don-henley-garden-state-1990-05-29,6/25/1990,artists,"['DON HENLEY', 'L']",['DON HENLEY']
cher-world-music-1990-06-02,6/26/1990,location,"['World Music', 'Theatre', 'Tinley Park, Ih']","['World Music', 'Theatre', 'Tinley Park, Ill.']"
motley-crue-neil-s-blaisdell,6/27/1990,dates,['May 31-'],"['May 31-', 'June 1']"
motley-crue-neil-s-blaisdell,6/28/1990,location,"['Neil S. Blaisdell', 'Center june L', 'Honolulu sellout']","['Neil S. Blaisdell', 'Center', 'Honolulu']"
mel-torme-rosemary-fox-theatre-1990-05-17,6/29/1990,gross_receipts_us,279296,279295
mel-torme-rosemary-fox-theatre-1990-05-17,6/30/1990,ticket_prices,"['50/37.50/', '25/85']","['50/37.50/', '25/5']"
david-bowie-starplex-1990-06-04,1990-06-31,artists,"['DAVID BOWIE', 'MCA', 'FRANKLY SCARLET']","['DAVID BOWIE', 'FRANKLY SCARLET']"
david-bowie-starplex-1990-06-04,1990-06-32,promoter,"['', '20.000 PACE Concerts']","['MCA Concerts', 'PACE Concerts', 'Fey Concert Co.', 'BCL Group']"
david-bowie-starplex-1990-06-04,1990-06-33,location,"['Starplex', 'Concerts', 'Amphitheatre', 'State Fey Concert Co.', 'Fairgrounds of BCL Group', 'Texas,', 'Dallas']","['Starplex', 'Amphitheatre', 'State', 'Fairgrounds of', 'Texas', 'Dallas']"
roseanne-bar-fox-theatre-1990-05-9,1990-06-34,gross_receipts_us,,274320
roseanne-bar-fox-theatre-1990-05-9,1990-06-35,attendance,,12282
roseanne-bar-fox-theatre-1990-05-9,1990-06-36,ticket_prices,['25/820'],['25/20']
fleetwood-mac-pacific-coliseum-1990-05-25,1990-06-37,ticket_prices,['28/826'],['28/26']
midnight-oil-radio-city-1990-05-29,1990-06-38,gross_receipts_us,,257140
midnight-oil-radio-city-1990-05-29,1990-06-39,attendance,,10837
reggae-sunsplash-greek-theatre-1990-05-26,1990-06-40,artists,"['REGGAE SUNSPLASH:', 'BURNING SPEAR', 'FREDDIE MCGREGOR', 'MARCIA GRIFFITHS', 'SHINEHEAD.', 'SHELLY THUNDER,', 'BAND.']","['REGGAE SUNSPLASH:', 'BURNING SPEAR', 'FREDDIE MCGREGOR', 'MARCIA GRIFFITHS', 'SHINEHEAD', 'U-ROY', 'SHELLY THUNDER,', '809',  'BAND']"
reggae-sunsplash-greek-theatre-1990-05-26,1990-06-41,promoter,['Nederlander'],"['Nederlander', 'Organization']"
reggae-sunsplash-greek-theatre-1990-05-26,1990-06-42,location,"['Greek Theatre', 'Los Angeles', 'uROY']","['Greek Theatre', 'Los Angeles']"
alan-king-joel-gray-westbury-music-1990-05-30,1990-06-43,dates,"['May 30+', 'June 3']","['May 30-', 'June 3']"
alan-king-joel-gray-westbury-music-1990-05-30,1990-06-44,location,"['Westbury Music', 'Fair', 'Westbury, #.Y. sellout']","['Westbury Music', 'Fair', 'Westbury, N.Y.']"
alabama-patriot-center-1990-06-01,1990-06-45,promoter,['Keith Fowler'],"['Keith Fowler', 'Prods']"
reggae-sunsplash-irvine-meadows-dune-,1990-06-46,artists,"['REGGAE SUNSPLASH:', 'BURNINGSPEAR', 'FREODIE MCGREGOR', 'MARCIA GRIFFITHS', 'SHINEHEAD', 'SHELLY THUNDER,', 'BAND']","['REGGAE SUNSPLASH:', 'BURNING SPEAR', 'FREODIE MCGREGOR', 'MARCIA GRIFFITHS', 'SHINEHEAD', 'U-ROY', 'SHELLY THUNDER, 809', 'BAND']"
reggae-sunsplash-irvine-meadows-dune-,1990-06-47,dates,"['2', '809']",['June 2']
reggae-sunsplash-irvine-meadows-dune-,1990-06-48,location,"['Irvine Meadows dune', 'Amphitheatre', 'Laguna Kills,', 'Calit', 'uROY']","['Irvine Meadows', 'Amphitheatre', 'Laguna Hills,', 'Calif.']"
paul-mecarthey-memorial-1990-03-31,4/14/1990,artists,['PAUL'],['PAUL McCARTNEY']
paul-mecarthey-memorial-1990-03-31,4/14/1990,dates,"['March 31-', 'April']","['March 31-', 'April 1']"
paul-mecarthey-memorial-1990-03-31,4/14/1990,gross_receipts_us,,3550560
paul-mecarthey-memorial-1990-03-31,4/14/1990,attendance,,118352
paul-mecarthey-memorial-1990-03-31,4/14/1990,location,"['MeCARTHEY Memorial', 'Stadium', 'Univ. of', 'California', 'Berkeley', 'Berkeley, Calif']","['Memorial', 'Stadium', 'Univ. of', 'California', 'Berkeley', 'Berkeley, Calif.']"
grateful-dead-knickerbocker-1990-03-24,4/14/1990,dates,"['March 24', '6']","['March 24-', '26']"
grateful-dead-knickerbocker-1990-03-24,4/14/1990,gross_receipts_us,,921262
grateful-dead-knickerbocker-1990-03-24,4/14/1990,attendance,,48993
grateful-dead-knickerbocker-1990-03-24,4/14/1990,location,"['Knickerbocker', 'Arena', 'Albany, N.Y. Cross Country', 'Concerts', 'Metropolitan', '-', 'Entertainment']","['Knickerbocker', 'Arena', 'Albany, N.Y.']"
new-kids-on-the-block-meadowlands-1990-03-25,4/14/1990,artists,"['NEW KIDS ON THE BLOCK', 'SWEET SENSATION', 'BOBBY ROSS AVILA', 'PERFECT GENTLEMEN NJ']","['NEW KIDS ON THE BLOCK', 'SWEET SENSATION', 'BOBBY ROSS AVILA', 'PERFECT GENTLEMEN']"
new-kids-on-the-block-meadowlands-1990-03-25,4/14/1990,dates,"['March 25-', '6']","['March 25-', '26']"
new-kids-on-the-block-meadowlands-1990-03-25,4/14/1990,gross_receipts_us,,794694
new-kids-on-the-block-meadowlands-1990-03-25,4/14/1990,attendance,,40000
new-kids-on-the-block-meadowlands-1990-03-25,4/14/1990,location,"['Meadowlands', 'Arena', 'East Rutherford,']","['Meadowlands', 'Arena', 'East Rutherford,', 'NJ']"
janet-jackson-capital-centre-1990-03-22,4/14/1990,artists,"['JANET JACKSON', 'CHUCKI BOOKER']","['JANET JACKSON', 'CHUCKII BOOKER']"
janet-jackson-capital-centre-1990-03-22,4/14/1990,dates,['March 22.'],"['March 22', '& 29']"
janet-jackson-capital-centre-1990-03-22,4/14/1990,gross_receipts_us,,765112
janet-jackson-capital-centre-1990-03-22,4/14/1990,attendance,,34581
janet-jackson-capital-centre-1990-03-22,4/14/1990,ticket_prices,[],['22.50']
grateful-dead-cops-coliseum-1990-03-21,4/14/1990,dates,"['March 21-', '2']","['March 21-', '22']"
grateful-dead-cops-coliseum-1990-03-21,4/14/1990,gross_receipts_us,,743913
grateful-dead-cops-coliseum-1990-03-21,4/14/1990,attendance,,34220
grateful-dead-cops-coliseum-1990-03-21,4/14/1990,location,"['Cops Coliseum', 'Hamilton,', 'Ontario Canadian) Donald K. Donald', 'Metropolitan', 'Entertainment']","['Cops Coliseum', 'Hamilton,', 'Ontario']"
benefit-for-mercy-charlotte-1990-03-24,4/14/1990,gross_receipts_us,,692961
benefit-for-mercy-charlotte-1990-03-24,4/14/1990,attendance,,12601
benefit-for-mercy-charlotte-1990-03-24,4/14/1990,ticket_prices,['100/45/830'],['100/45/30']
new-kids-on-the-block-nassau-1990-03-15,4/14/1990,artists,"['NEW KIDS ON THE BLOCK', 'SWEET SENSATION', 'PERFECT GENTLEMAN']","['NEW KIDS ON THE BLOCK', 'SWEET SENSATION', 'PERFECT GENTLEMAN', '(16TH)']"
new-kids-on-the-block-nassau-1990-03-15,4/14/1990,gross_receipts_us,,689913
new-kids-on-the-block-nassau-1990-03-15,4/14/1990,attendance,,36000
new-kids-on-the-block-nassau-1990-03-15,4/14/1990,location,"['Nassau', 'Veterans', 'Memorial', 'Uniondale, N.Y.']","['Nassau', 'Veterans', 'Memorial', 'Coliseum', 'Uniondale, N.Y.']"
janet-jackson-centrum-in-1990-03-26,4/14/1990,artists,"['JANET JACKSON', 'CHUCKH BOOKER']","['JANET JACKSON', 'CHUCKII BOOKER']"
janet-jackson-centrum-in-1990-03-26,4/14/1990,gross_receipts_us,,600458
janet-jackson-centrum-in-1990-03-26,4/14/1990,attendance,,27600
rush-oakland-1990-03-30,4/14/1990,gross_receipts_us,,509438
rush-oakland-1990-03-30,4/14/1990,attendance,,26125
ericclapton-dean-e-smith-1990-03-31,4/14/1990,location,"['Dean E. Smith', 'C&C Entertainment', 'Center', 'Univ. of North', 'Carolina,Chapel', 'Hil', 'Chape! Hill, N.C']","['Dean E. Smith', 'Center', 'Univ. of North', 'Carolina,Chapel', 'Hill', 'Chapel Hill, N.C']"
eric-clapton-charlotte-1990-03-30,4/14/1990,gross_receipts_us,,441225
eric-clapton-charlotte-1990-03-30,4/14/1990,attendance,,19969
eric-clapton-charlotte-1990-03-30,4/14/1990,location,"['Charlotte', 'Cellar Door Prods', 'Coliseum', 'Chariotte, n.c']","['Charlotte', 'Coliseum', 'Charlotte, N.C.']"
new-kids-on-the-block-1990-03-23,4/14/1990,gross_receipts_us,,361914
new-kids-on-the-block-1990-03-23,4/14/1990,attendance,,17829
new-kids-on-the-block-1990-03-23,4/14/1990,location,"['Copps Coliseum', 'Concert Prods', 'Hamilton,', 'Ontario Canadian) Donald K. Donald', 'Prods']","['Copps Coliseum', 'Hamilton,', 'Ontario']"
alice-cooper-fox-theatre-1990-03-18,4/14/1990,dates,['March 18-'],"['March 18-', '21']"
alice-cooper-fox-theatre-1990-03-18,4/14/1990,gross_receipts_us,,361050
alice-cooper-fox-theatre-1990-03-18,4/14/1990,attendance,,17525
alice-cooper-fox-theatre-1990-03-18,4/14/1990,location,"['Fox Theatre', 'Brass Ring Prods.', 'Detroit a']","['Fox Theatre', 'Detroit']"
gloria-estefan-and-miami-meadowlands-1990-03-04,4/14/1990,artists,"['GLORIA ESTEFAN & MIAMI', 'SOUND MACHINE', 'CHAS ELSTNER', 'NJ']","['GLORIA ESTEFAN & MIAMI', 'SOUND MACHINE', 'CHAS ELSTNER']"
gloria-estefan-and-miami-meadowlands-1990-03-04,4/14/1990,location,"['Meadowlands', 'Arena', 'East Rutherford,']","['Meadowlands', 'Arena', 'East Rutherford,', 'NJ']"
eric-clapton-the-omni-1990-03-28,4/14/1990,gross_receipts_us,,313658
eric-clapton-the-omni-1990-03-28,4/14/1990,attendance,,16757
oana-ross-copps-coliseum-1990-03-31,4/14/1990,artists,['OANA ROSS.'],['DIANA ROSS']
oana-ross-copps-coliseum-1990-03-31,4/14/1990,ticket_prices,[],['28.50']
oana-ross-copps-coliseum-1990-03-31,4/14/1990,location,"['Copps Coliseum', 'Hamilton,', 'Ontario Canadian) Donald K. Donald', 'Prods.']","['Copps Coliseum', 'Hamilton,', 'Ontario']"
the-highwaymen-nassau-1990-03-14,4/14/1990,ticket_prices,['22.50/820'],['22.50/20']
the-highwaymen-nassau-1990-03-14,4/14/1990,location,"['Nassau', 'Metropolitan', 'Veterans', 'Memorial', 'Coliseum', 'Uniondale, N.Y.']","['Nassau', 'Veterans', 'Memorial', 'Coliseum', 'Uniondale, N.Y.']"
cher-starplex-1990-03-31,4/14/1990,location,"['Starplex', 'Amphitheatre,', 'State', 'Concerts', 'Fairgrounds of', 'Texas', 'Dallas']","['Starplex', 'Amphitheatre,', 'State', 'Fairgrounds of', 'Texas', 'Dallas']"
jerry-lewis-fox-theatre-1990-03-08,4/14/1990,ticket_prices,"['37.50/83250/', '25/820']","['37.50/32.50/', '25/20']"
rush-arco-arena-1990-03-28,4/14/1990,artists,"['RUSH ARCO', 'MR. BIG']","['RUSH', 'MR. BIG']"
rush-arco-arena-1990-03-28,4/14/1990,location,"['Arena', 'Sacramento,', 'Calif']","['ARCO Arena', 'Sacramento,', 'Calif']"
rush-coliseum-1990-03-26,4/14/1990,artists,"['RUSH', 'MR. BIG', 'L']","['RUSH', 'MR. BIG']"
rush-coliseum-1990-03-26,4/14/1990,gross_receipts_us,,219410
rush-coliseum-1990-03-26,4/14/1990,attendance,,12299
randy-travis-knickerbocker-1990-03-30,4/14/1990,gross_receipts_us,,209254
randy-travis-knickerbocker-1990-03-30,4/14/1990,attendance,,11551
alabama-richmond-1990-03-24,4/14/1990,gross_receipts_us,,183750
alabama-richmond-1990-03-24,4/14/1990,attendance,,10500
alabama-buffalo-1990-03-23,4/14/1990,gross_receipts_us,,183600
alabama-buffalo-1990-03-23,4/14/1990,attendance,,10200
whitesnake-reunion-arena-1990-03-17,4/14/1990,artists,"['WHITESNAKE |', 'PACE']","['WHITESNAKE', 'BAD ENGLISH']"
whitesnake-reunion-arena-1990-03-17,4/14/1990,attendance,,10091
whitesnake-reunion-arena-1990-03-17,4/14/1990,location,"['Reunion Arena', 'Concerts', '_ BAD ENGLISH Dallas |_']","['Reunion Arena', 'Dallas']"
