event_signature,issue_date,field,original_value,true_value,correction_reason
thompson-twins-fair-grandstand-1984-09-30,10/20/1984,gross_receipts_us,,144214,
thompson-twins-fair-grandstand-1984-09-30,10/20/1984,attendance,,10894,
diana-ross-war-memorial-1984-10-03,10/20/1984,attendance,,8248,
rod-stewart-the-omni-atlanta-ring-promotions-1984-09-28,10/20/1984,location,"['The Omni', 'Atlanta', 'Ring Promotions']","['The Omni', 'Atlanta']",
alabama-the-centriplex-baton-rouge-spint-1984-09-29,10/20/1984,location,"['The Centriplex', 'Baton Rouge', 'Spint']","['The Centriplex', 'Baton Rouge']",
alabama-humphrey-coliseum-1984-10-04,10/20/1984,location,"['Humphrey Coliseum', 'Starkville, Miss.', 'Spirit']","['Humphrey Coliseum', 'Starkville, Miss.']",
alabama-civic-center-1984-09-28,10/20/1984,location,"['Civic Center', 'Beaumont, Tex.', 'Spirit']","['Civic Center', 'Beaumont, Tex.']",
alabama-pine-blutf-area-spirit-1984-09-30,10/20/1984,location,"['Pine Blutf Area', 'Arkansas', 'Spirit']","['Pine Bluff Area', 'Arkansas']",
doug-henning-fox-theater-1984-10-16,11/3/1984,attendance,,34224,
patti-labelle-lyric-opera-house-1984-10-09,11/3/1984,ticket_prices,['20/17'],['20/17/15'],
barry-manilow-crister-arena-1984-10-19,11/3/1984,location,"['Crister Arena', 'Ann Arbor, Mich.']","['Crisler Arena', 'Ann Arbor, Mich.']",
rick-springfield-nbc-arena-honolulu-1984-10-12,11/3/1984,artists,['RICK SPRINGFIELD NBC'],['RICK SPRINGFIELD'],
rick-springfield-nbc-arena-honolulu-1984-10-12,11/3/1984,location,"['Arena', 'Honolulu']","['NBC Arena', 'Honolulu']",
alabama-convention-center-1984-10-12,11/3/1984,location,['Convention Center'],"['Convention Center', 'San Antonio']",
rod-stewart-hollywood-(fta.)-sportatorium-1984-10-07,11/3/1984,ticket_prices,['4'],['14'],
lionel-richie-bsu-pavilion-1984-10-10,11/3/1984,location,"['Pavilion', 'Boise, Idaho']","['BSU Pavilion', 'Boise, Idaho']",
lionel-richie-bsu-pavilion-1984-10-10,11/3/1984,artists,['LIONEL RICHIE BSU'],['LIONEL RICHIE'],
sammy-hagar-market-square-arena-1984-10-17,11/3/1984,attendance,,13151,
billy-squier-barton-coliseum-1984-10-16,11/3/1984,ticket_prices,['2'],['12'],
david-copperfield-royal-oak-(mich.)-music-theater-1984-10-19,11/3/1984,ticket_prices,[],['15'],
"alabama-g.-rollie-white-coliseum,-college-1984-10-21",11/3/1984,artists,['ALABAMA G.'],['ALABAMA'],
"alabama-g.-rollie-white-coliseum,-college-1984-10-21",11/3/1984,location,"['Rollie White Coliseum,', 'College Station, Tex.', 'Promotions']","['G. Rollie White Coliseum,', 'College Station, Tex.', 'Promotions']",
quiet-riot-mclichols-sports-arena-1984-10-14,11/3/1984,location,"['Mclichols Sports Arena', 'Denver']","['McNichols Sports Arena', 'Denver']",
fixx-san-francisco-civic-auditorium-1984-10-20,11/3/1984,artists,"['FIXX', 'RONNIE HAYES & THE WILD', 'COMBO D']","['FIXX', 'RONNIE HAYES & THE WILD', 'COMBO']",
quiet-rio-levine-meadows-amphitheatre-1984-09-30,11/3/1984,artists,"['QUIET RIO', 'WHITESNAKE', 'ARMORED SAINTS']","['QUIET RIOT', 'WHITESNAKE', 'ARMORED SAINT']",
quiet-rio-levine-meadows-amphitheatre-1984-09-30,11/3/1984,ticket_prices,[],['16/14'],
amy-grant-massey-hall-1984-10-15,11/3/1984,attendance,467,4667,
rush-the-spectrum-y&t-philadelphia-1984-11-05,11/24/1984,artists,['RUSH'],"['RUSH', 'Y&T']",
rush-the-spectrum-y&t-philadelphia-1984-11-05,11/24/1984,location,"['The Spectrum', 'Y&T Philadelphia']","['The Spectrum', 'Philadelphia']",
rush-the-spectrum-y&t-philadelphia-1984-11-05,11/24/1984,ticket_prices,['13.50/11.50/89.50'],['13.50/11.50/9.50'],
rush-providence-(r.|.)-civic-center-1984-11-07,11/24/1984,artists,['RUSH'],"['RUSH', 'Y & T']",
rush-providence-(r.|.)-civic-center-1984-11-07,11/24/1984,location,"['Providence (R.|.) Civic Center', 'Y&T']",['Providence (R.|.) Civic Center'],
julio-iglesias.-harttord-(conn.)-civic-center-1984-09-05,11/24/1984,promoter,['Buster Bonoff/John'],"['Buster Bonoff/John', '& Associates', 'for Pertorming Arts']",
julio-iglesias.-harttord-(conn.)-civic-center-1984-09-05,11/24/1984,location,"['Harttord (Conn.) Civic Center', '& Associates', 'for Pertorming Arts']","['Harttord (Conn.) Civic Center', '& Associates']",
kenny-rogers-memorial-coliseum-1984-10-31,11/24/1984,ticket_prices,['16/813.50'],['16/13.50'],
rick-springfield-casper-(wya.)-events-center-1984-11-10,11/24/1984,ticket_prices,['175'],['11.75'],
rick-springfield-univ-of-colorado-at-boulder-1984-11-09,11/24/1984,promoter,['Jam Prods./Feyline'],"['Jam Prods./Feyline', 'Presents']",
"chicago-hearns-columbia,-mo,-None",11/24/1984,dates,['Multt-Purpose'],['Nov. 7'],
"chicago-hearns-columbia,-mo,-None",11/24/1984,gross_receipts_us,,88802,
"chicago-hearns-columbia,-mo,-None",11/24/1984,attendance,,7091,
lou-reed-beacon-theatre-1984-10-17,11/24/1984,artists,"['LOU REED', 'SWIMMING POOL']","['LOU REED', 'SWIMMING POOL Qs']",
royal-new-york-doo-wopp-radio-city-music-hall-1984-10-13,11/24/1984,artists,"['ROYAL NEW YORK DOO WOPP', 'VOL.']","['ROYAL NEW YORK DOO WOPP', 'VOL. 13']",
royal-new-york-doo-wopp-radio-city-music-hall-1984-10-13,11/24/1984,location,"['Radio City Music Hall', 'York']","['Radio City Music Hall', 'New York']",
"crosby,-stills-&-nash-memorial-union-fowa-city-concerts-1984-11-04",11/24/1984,location,"['Memorial Union', 'fowa City', 'Concerts']","['Memorial Union', 'Iowa City', 'Concerts']",
"chicago-hearns-columbia,-mo,-None",11/24/1984,location,"['Hearns', 'Columbia, Mo,']","['Hearns Multi-Purpose Building', 'Columbia, Mo,']",
"chicago-hearns-columbia,-mo,-None",11/24/1984,gross_receipts_us,,88802,
prince-joe-louis-arena-1984-11-04,12/1/1984,dates,"['Nov. 4-5,7-9']","['Nov. 4-5,7-9', '11-12']",
prince-joe-louis-arena-1984-11-04,12/1/1984,ticket_prices,,['17.50'],
rick-springfield-reunion-arena-None,12/1/1984,dates,['15'],['Nov. 15'],
swatch-watch:-new-york-baltimore-civic-center-1984-11-09,12/1/1984,ticket_prices,[],['11'],
reo-speedwagon-omaha-civic-auditorium-1984-11-18,12/1/1984,attendance,,10000,
oak-ridge-boys-boise-state-univ.-pavilion-1984-11-03,12/1/1984,attendance,,8621,
"culture-club-univ,-of-tennessee-at-chattanooga-arena-1984-11-03",12/1/1984,gross_receipts_us,,89704,
"culture-club-univ,-of-tennessee-at-chattanooga-arena-1984-11-03",12/1/1984,attendance,,5867,
menudo-james-l.-knight-international-center-1984-11-10,12/1/1984,attendance,,4391,
"kiss-stabler-arena,-lehigh-unv.-1984-11-15",12/1/1984,ticket_prices,['1'],['11'],
george-strait-civic-auditorium-1984-11-16,12/1/1984,attendance,,3200,
neil-diamond-market-square-arena-1984-12-20,1/19/1985,ticket_prices,[],['17/15'],
neil-diamond-houston-summit-1984-12-10,1/19/1985,ticket_prices,,['17/15'],
huey-lewis-&-the-news-oakland-(calif.)-colseum-None,1/19/1985,dates,['31'],['Dec. 31'],
neil-diamond-oral-roberts-un.-dee.-tulsa-None,1/19/1985,dates,['17'],['Dec. 17'],
kenny-rogers-selland-arena-1985-01-20,2/9/1985,gross_receipts_us,,381341,
kenny-rogers-selland-arena-1985-01-20,2/9/1985,attendance,,22130,
"oak-ridge-boys:-carlton-west-green-bay,-1985-01-10",2/9/1985,ticket_prices,['36/330'],['36/33'],
alabama-jan.-est-seitout-None,2/9/1985,dates,['26'],['Jan. 26'],
alabama-jan.-est-seitout-None,2/9/1985,ticket_prices,[],['15'],
alabama-jan.-est-seitout-None,2/9/1985,location,"['Jan.', 'Est seitout']",[''],
bill-cosby-mid-hudson-civic-center-1985-01-18,2/9/1985,location,"['Mid-Hudson Civic Center', 'Poughkeepsie, N.Y.', 'Donald/', 'Harvey & Corky']","['Mid-Hudson Civic Center', 'Poughkeepsie, N.Y.']",
iron-maiden-ohio-center-None,2/9/1985,dates,['Jan.'],['Jan. 5'],
iron-maiden-ohio-center-None,2/9/1985,gross_receipts_us,,66688,
iron-maiden-ohio-center-None,2/9/1985,attendance,,5281,
dio-met-center-1985-01-27,2/9/1985,attendance,,5256,
dio-met-center-1985-01-27,2/9/1985,ticket_prices,['12/511'],['12/11'],
dio-dane-county-memorial-coliseum-1985-01-25,2/9/1985,gross_receipts_us,,47850,
dio-dane-county-memorial-coliseum-1985-01-25,2/9/1985,attendance,,4200,
dio-dane-county-memorial-coliseum-1985-01-25,2/9/1985,promoter,[''],['Stardate Prods.'],
johnny-cash-frank-crane-arena-1985-01-22,2/9/1985,gross_receipts_us,,42072,
johnny-cash-frank-crane-arena-1985-01-22,2/9/1985,attendance,,2812,
johnny-cash-frank-crane-arena-1985-01-22,2/9/1985,promoter,"['Prods.', '3,509)']",['Artists Consultants Prods.'],
george-jones-stabler-arena-1985-01-25,2/9/1985,attendance,,1791,
wasp:-mid-hudson-civic-center-1985-01-23,2/9/1985,attendance,,2051,
wasp:-mid-hudson-civic-center-1985-01-23,2/9/1985,promoter,['& Corky Concert Prods.'],"['Harvey & Corky Concert Prods.', 'International Donald K. Donald']",
wasp:-mid-hudson-civic-center-1985-01-23,2/9/1985,location,"['Mid-Hudson Civic Center', 'Poughkeepsie, N.Y.', 'Donald K. Donald']","['Mid-Hudson Civic Center', 'Poughkeepsie, N.Y.']",
"billy-ocean-the-copa-toronto,-www.americanradiohistory.com-1985-01-23",2/9/1985,ticket_prices,['4'],['14'],
deep-purple-the-centrum-1985-02-28,3/16/1985,ticket_prices,['13'],['13.50/12.50'],
kenny-rogers-freedom-hall-1985-03-01,3/16/1985,attendance,,14263,
kenny-rogers-freedom-hall-1985-03-01,3/16/1985,ticket_prices,['17'],['17.50/15.50'],
"alabama-soulh-fla,-fairgrounds-1985-02-24",3/16/1985,ticket_prices,,['15'],
chicago-mid-south-coliseum-1985-03-03,3/16/1985,attendance,,11171,
statler-brothers-holiday-star-theater-None,3/16/1985,dates,"['Feb,']",['Feb 24-24'],
statler-brothers-holiday-star-theater-None,3/16/1985,gross_receipts_us,,167050,
statler-brothers-holiday-star-theater-None,3/16/1985,attendance,,13296,
reo-speedwagon-greensboro-nc-coliseum-1985-03-01,3/16/1985,artists,['REO SPEEDWAGON'],"['REO SPEEDWAGON', 'SURVIVOR']",
alabama-jacksonuille-(fla.)-coliseum-1985-02-22,3/16/1985,ticket_prices,[],['15'],
reo-speedwagon-rochester-(n.y.)-community-war-memorial-1985-02-19,3/16/1985,ticket_prices,['13.50/312.50'],['13.50/12.50'],
eddie-murphy-leon-county-civic-center-1985-02-26,3/16/1985,ticket_prices,[],['14'],
new-edition-augusta-(ga.}-civic-center-1985-02-28,3/16/1985,ticket_prices,[],['11/10'],
temptations-fox-theatre-1985-02-21,3/16/1985,gross_receipts,26949,86949,
ronnie-milsap-albany-(ga.)-crve-center-1985-03-01,3/16/1985,artists,"['RONNIE MILSAP', 'JERRY REED']","['RONNIE MILSAP', 'JUDDS', 'JERRY REED']",
tears-for-fears-ottawa-ont-civic-center-1985-06-03,6/15/1985,promoter,['Concert Prods. International/Donald'],"['Concert Prods. International/Donald', 'K. Donald/Bass Clef']",
howard-jones-greek-theatre-1985-06-01,6/15/1985,attendance,61777,6177,Source typo
van-morrison-capitol-theatre-1985-05-18,6/15/1985,promoter,"['Monarch Entertainment Bureau/St,']","['Monarch Entertainment Bureau/St.', 'Pauli Girl Concert Series]",
frankie-goes-tohollywood-fox-theater-1985-05-26,6/15/1985,gross_receipts_us,,37221,
frankie-goes-tohollywood-fox-theater-1985-05-26,6/15/1985,attendance,,2707,
frankie-goes-tohollywood-fox-theater-1985-05-26,6/15/1985,promoter,"['Prods.', '3,985']",['Alex Cooley Prods.'],
george-benson-radio-city-music-halt-None,6/22/1985,dates,"['May 30-', 'June']","['May 30-', 'June 1']",
"alabama-sandstone-bonner-springs,-1985-06-02",6/22/1985,attendance,,15102,
patti-labelle-greek-theatre-None,6/22/1985,dates,['7'],['June 7'],
fresh-fest-two-carolina-coliseum-1985-06-09,6/22/1985,attendance,,7715,
fresh-fest-two-carolina-coliseum-1985-06-09,6/22/1985,ticket_prices,,['11'],
kenny-loggins-market-square-arena-None,6/22/1985,artists,"['KENNY LOGGINS', 'MARK']","['KENNY LOGGINS', 'MARK McCOLLUM']",
kenny-loggins-market-square-arena-None,6/22/1985,gross_receipts_us,,79540,
kenny-loggins-market-square-arena-None,6/22/1985,attendance,,5892,
kenny-loggins-market-square-arena-None,6/22/1985,dates,['June'],['June 4'],
luther-vandross-lakeland-(fla.)-civic-center-None,6/22/1985,dates,['2'],['June 2'],
happy-together-tour-audobon-zoo-new-orleans-None,6/22/1985,dates,['June'],['June 5'],
happy-together-tour-audobon-zoo-new-orleans-None,6/22/1985,gross_receipts_us,,49746,
happy-together-tour-audobon-zoo-new-orleans-None,6/22/1985,attendance,,4609,
luther-vandross-the-aladdin-las-vegas-1985-06-07,6/22/1985,ticket_prices,['18/516'],['18/16'],
jimmy-sturr-band-garden-state-arts-center-1985-06-02,6/22/1985,ticket_prices,[],['11/9/7'],
petra-market-square-arena-1985-05-25,6/22/1985,ticket_prices,['10.50/48.50'],['10.50/8.50'],
santana-fox-theatre-None,6/22/1985,dates,['June'],['June 4'],
santana-fox-theatre-None,6/22/1985,gross_receipts_us,,36231,
santana-fox-theatre-None,6/22/1985,attendance,,2635,
santana-fox-theatre-None,6/22/1985,ticket_prices,['1375'],['13.75'],
jimmy-sturr-band-vernon-valley-(n.j.)-action-park-1985-05-26,6/22/1985,ticket_prices,[],['7'],
petra-prairie-capital-convention-center-1985-05-30,6/22/1985,ticket_prices,['11/99.50'],['11/9.50'],
jeffrey-osborne-celebrity-theater-1985-06-06,6/22/1985,ticket_prices,[],['15'],
jeffrey-osborne-celebrity-theater-1985-06-06,6/22/1985,attendance,,1726,
petra-mecca-arena-milwaukee-1985-05-27,6/22/1985,artists,"['PETRA MECCA', 'RANDY STONEHILL']","['PETRA', 'RANDY STONEHILL']",
petra-mecca-arena-milwaukee-1985-05-27,6/22/1985,location,"['Arena', 'Milwaukee']","['MECCA Arena', 'Milwaukee']",
petra-mecca-arena-milwaukee-1985-05-27,6/22/1985,ticket_prices,['10.50/58.50'],['10.50/8.50'],
smiths-royal-qak-(mich.)-music-theater-1985-06-08,6/22/1985,ticket_prices,[],['14'],
phil-collins-and-his-hot-tub-mcnichols-sports-arena-1985-06-13,7/6/1985,artists,['PHIL COLLINS & HIS HOT TUB'],"['PHIL COLLINS & HIS HOT TUB', 'CLUB]",
phil-collins-and-his-hot-tub-mcnichols-sports-arena-1985-06-13,7/6/1985,location,"['McNichols Sports Arena', 'cLuB Denver']","['McNichols Sports Arena', 'Denver']",
kenny-loggins-radio-city-music-hall-None,7/6/1985,dates,['14-15'],['June 14-15'],
kenny-loggins-radio-city-music-hall-None,7/6/1985,artists,"['KENNY LOGGINS', 'MARK']","['KENNY LOGGINS', 'MARK McCOLLUM']",
kenny-loggins-radio-city-music-hall-None,7/6/1985,location,"['Radio City Music Hall dune', 'McCOLLUM New York']","['Radio City Music Hall', 'New York']",
howard-jones-red-rocks-amphitheatre-1985-06-12,7/6/1985,ticket_prices,[],['13.75/12.65'],
howard-jones-red-rocks-amphitheatre-1985-06-12,7/6/1985,artists,['HOWARD JONES'],"['HOWARD JONES', 'RED 7']",
howard-jones-red-rocks-amphitheatre-1985-06-12,7/6/1985,location,['Red Rocks Amphitheatre'],"['Red Rocks Amphitheatre', 'Denver']",
howard-jones-red-rocks-amphitheatre-1985-06-12,7/6/1985,promoter,"['Feyline Presents', 'RED7 Denver $13.75/$12.65 sellout']",['Feyline Presents'],
dan-fogelberg-cumberland-county-civic-center-1985-06-19,7/6/1985,ticket_prices,['13.50/912.50'],['13.50/12.50'],
ratt-great-plains-coliseum-1985-06-19,7/6/1985,artists,['RATT'],"['RATT', ""MAMA'S BOYS""]",
ratt-great-plains-coliseum-1985-06-19,7/6/1985,location,"['Great Plains Coliseum', ""MAMA'S BOYS Lawton, Okla.""]","['Great Plains Coliseum', 'Lawton, Okla.']",
ratt-bicentennial-center-1985-06-18,7/6/1985,artists,['RATT'],"['RATT', ""MAMA'S BOYS""]",
ratt-bicentennial-center-1985-06-18,7/6/1985,location,"['Bicentennial Center', ""MAMA'S BOYS Salina, Kan."", 'Presentations', '—']","['Bicentennial Center', 'Salina, Kan.', 'Presentations', '—']",
kenny-loggins-mesker-music-theater-1985-06-22,7/6/1985,artists,"['KENNY LOGGINS', 'MARK']","['KENNY LOGGINS', 'MARK McCOLLUM']",
kenny-loggins-mesker-music-theater-1985-06-22,7/6/1985,location,"['Mesker Music Theater', 'McCOLLUM Evansville, Ind.']","['Mesker Music Theater', 'Evansville, Ind.']",
ratt-memorial-hall-mama's-boys-1985-06-20,7/6/1985,artists,['RATT'],"['RATT', ""MAMA'S BOYS""]",
ratt-memorial-hall-mama's-boys-1985-06-20,7/6/1985,location,"['Memorial Hall', ""MAMA'S BOYS Joplin, Mo.""]","['Memorial Hall', 'Joplin, Mo.']",
ratt-memorial-hall-mama's-boys-1985-06-20,7/6/1985,ticket_prices,['l2sil'],['12/11'],
paco-de-lucia-sextet-warfield-theater-1985-06-18,7/6/1985,ticket_prices,['14.50/23.50'],['14.50/13.50'],
violent-femmes-rainbow-music-hall-1985-06-19,7/6/1985,ticket_prices,['19/39'],['19/9'],
stanley-clarke-the-moonshadow-1985-06-19,7/6/1985,attendance,338,838,
live-aid-jfk-stadium-philadelphia-factory-concerts-1985-07-13,7/27/1985,artists,['LIVE AID JFK'],['LIVE AID'],
live-aid-jfk-stadium-philadelphia-factory-concerts-1985-07-13,7/27/1985,artists,"['Stadium', 'Philadelphia', 'Factory Concerts']","['JFK Stadium', 'Philadelphia']",
live-aid-jfk-stadium-philadelphia-factory-concerts-1985-07-13,7/27/1985,promoter,['Bob Geldof/Bill Graham Presents/'],"['Bob Geldof/Bill Graham Presents/', 'Electric Factory Concerts']",
grateful-dead-merriweather-post-pavilion-1985-06-30,7/27/1985,ticket_prices,['l6/1l'],['16/11'],
robert-plant-reunion-arena-1985-06-24,7/27/1985,ticket_prices,[],['15'],
alabama-astrodome-houston-v-unlimited-1985-07-06,7/27/1985,ticket_prices,[],['7'],
"al-jarreau-blossom-music-festival-cuyahoga-falls,-None",7/27/1985,dates,['July'],['July 8'],
"al-jarreau-blossom-music-festival-cuyahoga-falls,-None",7/27/1985,gross_receipts_us,,164558,
"al-jarreau-blossom-music-festival-cuyahoga-falls,-None",7/27/1985,attendance,,13951,
"rick-springfield-lsu-assembly-center-""til-tuesday-1985-07-06",7/27/1985,artists,['RICK SPRINGFIELD LSU'],['RICK SPRINGFIELD'],
new-york-fresh-festival-mecca-arena-milwaukee-a-sellout-1985-06-26,7/27/1985,attendance,,8946,
rick-springfield-lsu-assembly-center-1985-07-06,7/27/1985,location,"['Assembly Center', '""TIL TUESDAY Baton Rouge, La.']","['LSU Assembly Center', 'Baton Rouge, La.']",
tom-petty-and-the-sun-dome-1985-07-12,7/27/1985,ticket_prices,[],['14'],
new-york-fresh-festival-mecca-arena-1985-06-26,7/27/1985,artists,['NEW YORK FRESH FESTIVAL MECCA'],['NEW YORK FRESH FESTIVAL'],
new-york-fresh-festival-mecca-arena-1985-06-26,7/27/1985,attendance,,8692,
new-york-fresh-festival-mecca-arena-1985-06-26,7/27/1985,ticket_prices,,['12/8.50'],
new-york-fresh-festival-mecca-arena-1985-06-26,7/27/1985,location,"['Arena', 'Milwaukee a sellout']","['MECCA Arena', 'Milwaukee']",
huey-lewis-and-the-news-meriweather-post-pavilion-1985-07-27,8/10/1985,promoter,[''],['Nederlander Organization'],
huey-lewis-and-the-news-cne-grandstand-1985-07-20,8/10/1985,location,"['Grandstand', 'Toronto']","['CNE Grandstand', 'Toronto']",
huey-lewis-and-the-news-cne-grandstand-1985-07-20,8/10/1985,artists,"['HUEY LEWIS & THE NEWS CNE', 'NEVILLE BROTHERS']","['HUEY LEWIS & THE NEWS', 'NEVILLE BROTHERS']",
bryan-adams-rushmore-plaza-civic-center-1985-07-21,8/10/1985,ticket_prices,['.0.'],['13.50'],
willie-nelson-the-spectrum-1985-07-25,8/10/1985,attendance,,8311,
new-edition-washington-None,8/10/1985,dates,['(0.C.)'],['July 19'],
new-edition-washington-None,8/10/1985,gross_receipts_us,,132000,
new-edition-washington-None,8/10/1985,attendance,,11000,
new-edition-washington-None,8/10/1985,location,"['Washington', 'Center']","['Washington (D.C.) Convention', 'Center']",
al-jarreau-meriweather-post-pavilion-1985-07-21,8/10/1985,ticket_prices,[],['14/9'],
eric-clapton-compton-terrace-1985-07-21,8/10/1985,gross_receipts_us,,88599,
eric-clapton-compton-terrace-1985-07-21,8/10/1985,attendance,,6573,
eric-clapton-compton-terrace-1985-07-21,8/10/1985,promoter,"['Prods.', '10,000']",['Evening Star Prods.'],
scorpions-compton-terrace-1985-09-02,9/21/1985,attendance,,35868,
grateful-dead-red-rocks-amphitheatre-None,9/21/1985,dates,['Sept. 5:7'],['Sept. 5-7'],
kenny-rogers-nassau-veterans-memorial-coliseum-1985-08-29,9/21/1985,attendance,,16826,
ac/dc-the-spectrum-philadelphia-1985-09-07,9/21/1985,ticket_prices,['13.50/511.50'],['13.50/11.50'],
"motley-crue-the-forum-inglewood,-1985-08-24",9/21/1985,ticket_prices,['15.50/513.50'],['15.50/13.50'],
willie-nelson-&-family-minnesota-state-fair-1985-08-22,9/21/1985,artists,"['WILLIE NELSON & FAMILY', 'WAYLON JENNINGS', 'COLTER']","['WILLIE NELSON & FAMILY', 'WAYLON JENNINGS', 'JESSI COLTER']",
willie-nelson-&-family-minnesota-state-fair-1985-08-22,9/21/1985,ticket_prices,['9/84.50'],['9/4.50'],
power-station-meadowlands-arena-1985-08-28,9/21/1985,ticket_prices,['15.50/813.50'],['15.50/13.50'],
reo-speedwagon-red-rocks-amphitheatre-1985-09-02,9/21/1985,ticket_prices,"['14,85/813.75']","['14,85/13.75']",
neil-young-minnesota-state-fair-1985-09-01,9/21/1985,ticket_prices,[],['14/8'],
sting-muni-opera-st.louis-1985-09-01,9/21/1985,ticket_prices,['16.50/14.50/30.50'],['16.50/14.50/10.50'],
tears-for-fears-red-rocks-amphitheatre-1985-09-08,9/21/1985,ticket_prices,['13.75/812.65'],['13.75/12.65'],
ratt-nashvine-municipal-auditorium-1985-08-22,9/21/1985,artists,"['RATT', 'BON JOV)']","['RATT', 'BON JOVI', 'Y & T']",
"statler-brothers,-indiana-state-faur-1985-08-25",9/21/1985,ticket_prices,[],['11/9'],
oak-ridge-boys-minnesota-state-fair-1985-08-25,9/21/1985,ticket_prices,['9/54.50'],['9/4.50'],
zztop-barton-cohseum-1986-01-31,2/15/1986,ticket_prices,[],['15'],
alabama-wheeling-(w.va.)-civic-center-1986-02-01,2/15/1986,ticket_prices,[],['17.50'],
loverboy-mid-south-coliseum-1986-01-28,2/15/1986,ticket_prices,['4'],['14'],
zztop-lake-charles-(la.)-civic-center-1986-01-30,2/15/1986,promoter,[''],['Beaver Prods'],
zztop-lake-charles-(la.)-civic-center-1986-01-30,2/15/1986,gross_receipts_us,,124635,
zztop-lake-charles-(la.)-civic-center-1986-01-30,2/15/1986,attendance,,8309,
alabama-saginaw-(mich.)-civic-center-1986-01-31,2/15/1986,gross_receipts_us,,117057,
alabama-saginaw-(mich.)-civic-center-1986-01-31,2/15/1986,attendance,,6689,
hank-williams-jr.-&-the-bama--sun-dome-univ.-of-south-fla.-1986-01-24,2/15/1986,gross_receipts_us,,95805,
hank-williams-jr.-&-the-bama--sun-dome-univ.-of-south-fla.-1986-01-24,2/15/1986,attendance,,6181,
loverboy-albany-(ga.}-civie-center-1986-02-02,2/15/1986,ticket_prices,['14.50/513.50'],['14.50/13.50'],
jerry-garcia-orpheum-theater-|_john-kahn-1986-02-01,2/15/1986,artists,['JERRY GARCIA'],"['JERRY GARCIA', 'JOHN KAHN']",
twisted-sister-met-center-1986-02-03,2/15/1986,ticket_prices,['4'],['14'],
kiss-mckale-center-univ.-of-1986-02-02,2/15/1986,ticket_prices,[],['12.50'],
jerry-garcia-the-ritz-new-york-city-1986-01-27,2/15/1986,ticket_prices,"['17.50/815,']",['17.50/15'],
"elton-john-the-spectrum-philadelphia,-pa,-None",9/27/1986,attendance,,34222,
dokken-irvine-meadows-amphitheater-1986-09-13,9/27/1986,ticket_prices,['17.50/816'],['17.50/16'],
manhattan-transfer-great-woods-center-1986-08-12,9/27/1986,ticket_prices,['17.50/815/12.50'],['17.50/15/12.50'],
anne-murray-riverbend-music-theater-1986-08-22,9/27/1986,ticket_prices,['16/59'],['16/9'],
george-thorogood-&-the-concord-pavilion-1986-09-12,9/27/1986,ticket_prices,['15.50/813.50'],['15.50/13.50'],
amy-grant-starwood-amphitheater-1986-08-29,9/27/1986,ticket_prices,['15.50/813'],['15.50/13'],
"genesis-the-forum-inglewood,-calif,-1986-10-13",11/1/1986,attendance,5739,85739,
"journey-the-spectrum-ti-philadelphia,-None",11/1/1986,artists,"['JOURNEY', 'GLASS']","['JOURNEY', 'GLASS TIGER']",
bob-seger-&-the-silver-hartford-civic-center-1986-10-19,11/1/1986,attendance,,25937,
bob-seger-&-the-silver-hartford-civic-center-1986-10-19,11/1/1986,ticket_prices,[],['16/14'],
uza-minnelli-front-row-theater-1986-10-07,11/1/1986,gross_receipts_us,2327,342327,
"neil-young-&-crazy-horse-rosemont-horizon-rosemont,-il-1986-10-18",11/1/1986,gross_receipts_us,24549,234549,
"neil-young-&-crazy-horse-rosemont-horizon-rosemont,-il-1986-10-18",11/1/1986,attendance,1349,13449,
stevie-wonder-maple-leaf-gardens-1986-10-10,11/1/1986,attendance,,12840,
"the-monkees-the-omni-atlanta,-gap-herman’s-hermits-1986-10-18",11/1/1986,artists,"['THE MONKEES', 'THE GRASS ROOTS', 'GARY PUCKETT & THE UNION']","['THE MONKEES', 'THE GRASS ROOTS', 'GARY PUCKETT & THE UNION', 'GAP', ""HERMAN'S HERMITS""]",
38-special-mid-south-coliseum-1986-10-18,11/1/1986,attendance,511,11511,
38-special-met-center-1986-10-12,11/1/1986,attendance,1849,11849,
james-taylor-pacific-amphitheatre-1986-10-07,11/1/1986,attendance,,11225,
"the-oak-ridge-boys-concerts-in-the-country,-lanierland-cumming,-1986-10-17",11/1/1986,ticket_prices,['3'],['13'],
bob-seger-&-the-silver-onondaga-county-war-memorial-1986-10-16,11/1/1986,attendance,,8331,
bob-seger-&-the-silver-onondaga-county-war-memorial-1986-10-16,11/1/1986,ticket_prices,[],['17'],
barbara-mandrell-niagara-falls-international-convention-center-1986-10-11,11/1/1986,ticket_prices,[],['17.50/15.50'],
the-monkees:-norfolk-scope-cultural-&-convention-center-1986-10-12,11/1/1986,ticket_prices,['20/18/16/16'],['20/18/16/14'],
"bob-seger-&-the-silver-the-forum-anglewood,-{__-None",1/24/1987,attendance,214,46214,
kenny-rogers-arco-arena-1987-01-04,1/24/1987,artists,"['KENNY ROGERS ARCO', 'EDDIE RABBITT', 'T. GRAHAM BROWN:']","['KENNY ROGERS', 'EDDIE RABBITT', 'T. GRAHAM BROWN']",
iron-maiden-civic-arena-1987-01-09,1/24/1987,ticket_prices,['1475'],['14.75'],
huey-lewis-&-the-news-thomas-&-mack-center-univ.-of-nevada-at-1987-01-11,1/24/1987,artists,"['HUEY LEWIS & THE NEWS', 'BONNIE HAYES & THE WILD']","['HUEY LEWIS & THE NEWS', 'BONNIE HAYES & THE WILD', 'COMBO']",
huey-lewis-&-the-news-thomas-&-mack-center-univ.-of-nevada-at-1987-01-11,1/24/1987,ticket_prices,[],['16.50'],
huey-lewis-&-the-news-mckale-center-univ.-of-arizona-1987-01-06,1/24/1987,ticket_prices,['16/815'],['16/15'],
cyndi-lauper-cumberland-county-civic-center-1986-12-17,1/24/1987,ticket_prices,[],['14'],
cyndi-lauper-music-hall-1987-01-08,1/24/1987,gross_receipts_us,37895,87895,
cyndi-lauper-lakeland-civic-center-1986-12-28,1/24/1987,ticket_sold,1252,7252,
cyndi-lauper-lakeland-civic-center-1986-12-28,1/24/1987,artists,"['CYNDI LAUPER', 'EDDIE MONEY', 'LL']","['CYNDI LAUPER', 'EDDIE MONEY']",
stryper-santa-monica-civic-auditorium-1987-01-03,1/24/1987,ticket_prices,[],['14'],
ready-for-the-world-civic-memorial-auditorium-1987-01-04,1/24/1987,artists,"['READY FOR THE WORLD', 'CHICO DEBARGE']","['READY FOR THE WORLD', 'CHICO DEBARGE', 'SIR-MIX-A-LOT']",
bob-seger-&-the-silver-arizona-veterans-memorial-coliseum-&-fairgrounds-1987-01-10,1/31/1987,ticket_prices,['16/815'],['16/15'],
"huey-lewis-&-the-news-the-forum-inglewood,-1987-01-12",1/31/1987,ticket_prices,['18.50/817'],['18.50/17'],
"iron-maiden-the-spectrum-philadelphia,-1987-01-13",1/31/1987,ticket_prices,[],['15/13'],
"david-lee-roth-providence-civic-center,-ee-providence,-1987-01-16",1/31/1987,artists,['DAVID LEE ROTH'],"['DAVID LEE ROTH', 'TESLA']",
ratt-richfield-coliseum-1987-01-04,1/31/1987,ticket_prices,[],['15/14'],
bon-jovi-ei-paso-county-coliseum-1987-01-01,1/31/1987,location,"['Paso County Coliseum', 'Texas']","['El Paso County Coliseum', 'Texas']",
george-strait-hirsch-memorial-1987-01-16,1/31/1987,ticket_prices,[],['14'],
david-lee-roth-augusta-civic-center-1987-01-17,1/31/1987,ticket_prices,['15.50/514.50'],['15.50/14.50'],
"george-strait-the-celebrity-theatre,-minneapolis,-1987-01-09",1/31/1987,ticket_prices,['14.95/89'],['14.95/9'],
"run-d.m.c.-univ,-of-nevada-at-las-vegas-dee.-las-vegas,-None",1/31/1987,dates,['30'],['Dec. 30'],
cynd)-lauper-frank-erwin-center-univ.-of-texas-at-1987-01-10,1/31/1987,gross_receipts_us,,77935,
statler-bros.-cumberland-county-memorial-1987-01-17,1/31/1987,attendance,,5109,
bunny-wailer-james-l.-knight-international-center-1986-12-13,1/31/1987,ticket_prices,['25/820'],['25/20'],
michael-johnson-orchestra-hall-1986-12-26,1/31/1987,ticket_prices,['15.50/13.50/89'],['15.50/13.50/9'],
new-order-james-l.-knight-international-center-1986-12-15,1/31/1987,ticket_prices,[],['15'],
"marshall-tucker-bank-westport-playhouse-st.-louis,-ity-sellout-1986-12-27",1/31/1987,ticket_prices,[],['15'],
"commodores-the-celebrity-theatre,-minneapolis,-1987-01-02",1/31/1987,ticket_prices,['14.95/89'],['14.95/9'],
"robert-cray-starry-night-portland,-ore.-stilletto's-1987-01-10",1/31/1987,artists,"['ROBERT CRAY', 'CURTIS SALGADO & THE']","['ROBERT CRAY', ""CURTIS SALGADO & THE STILLETO'S""]",
"bad-brains-the-ritz-new-york,-scher-presents-1987-01-17",1/31/1987,ticket_prices,[],['12/10'],
robert-cray-band-erb-memorial-union-ballroom.-1987-01-11,1/31/1987,gross_receipts_us,,10770,
robert-cray-band-erb-memorial-union-ballroom.-1987-01-11,1/31/1987,attendance,,1350,
robert-cray-band-erb-memorial-union-ballroom.-1987-01-11,1/31/1987,ticket_prices,['8.50/57.50'],['8.50/7.50'],
david-copperfield-sunrise-musical-theatre-None,2/21/1987,attendance,,11777,
david-copperfield-sunrise-musical-theatre-None,2/21/1987,ticket_prices,[],['18'],
david-lee-roth-duluth-arena-1987-02-07,2/21/1987,ticket_prices,[],['15'],
david-lee-roth-duluth-arena-1987-02-07,2/21/1987,ticket_prices,[],['15'],
david-lee-roth-duluth-arena-1987-02-07,2/21/1987,ticket_prices,[],['15'],
david-lee-roth-brown-county-veterans-memorial-arena-door-prods.-1987-02-06,2/21/1987,ticket_prices,[],['15'],
david-lee-roth-saginaw-civic-center-1987-01-30,2/21/1987,ticket_prices,[],['15'],
conway-twitty-greenville-memorial-auditorium-1987-02-06,2/21/1987,gross_receipts_us,,78611,
conway-twitty-greenville-memorial-auditorium-1987-02-06,2/21/1987,attendance,,6171,
conway-twitty-greenville-memorial-auditorium-1987-02-06,2/21/1987,promoter,[''],['Varnell Enterprises'],
beach-boys-providence-civic-center-1987-02-05,2/21/1987,ticket_prices,[],['7.92'],
david-copperfield-lakeland-civic-center-None,2/21/1987,gross_receipts_us,,57340,
david-copperfield-lakeland-civic-center-None,2/21/1987,attendance,,3573,
hank-williams-jr.-barnhill-arena-None,2/21/1987,ticket_prices,[],['13.50'],
hank-williams-jr.-barnhill-arena-None,2/21/1987,ticket_prices,[],['16'],
pretenders-memphis-convention-center-complex-1987-01-24,2/21/1987,ticket_prices,['5.'],['15'],
"george-carlin-westport-playhouse-st.-louis,-1987-01-31",2/21/1987,ticket_prices,[],['16'],
lionel-richie-neal-s.-blaisdell-center-1987-02-19,3/7/1987,ticket_prices,[],['18.50'],
lionel-richie-neal-s.-blaisdell-center-1987-02-19,3/7/1987,attendance,235871,25871,
iron-maiden-oakland-alameda-county-coliseum-1987-02-21,3/7/1987,ticket_prices,,['18.50/16.50'],
bob-seger-&-the-silver-myriad-convention-center-1987-02-05,3/7/1987,ticket_prices,[],['16/15'],
bon-jovi-sportatorium-1987-02-14,3/7/1987,ticket_prices,[],['14'],
huey-lewis-&-the-news.-lee-civic-center-1987-01-31,3/7/1987,ticket_prices,[],['15'],
bon-jovi-lee-civic-center-1987-02-17,3/7/1987,ticket_prices,[],['15'],
bon-jovi-bayfront-center-1987-02-15,3/7/1987,ticket_prices,[],['15'],
hank-williams-jr.-richmond-coliseum-1987-02-13,3/7/1987,ticket_prices,[],['15'],
"genesis-orange-bowl-miami,-fla,-es-1987-03-01",3/14/1987,ticket_prices,[],['17.75'],
iron-maiden-long-beach-convention-&-entertainment-center-arena-1987-02-16,3/14/1987,attendance,3556,33956,
neil-diamond-pensacola-civic-center-1987-02-20,3/14/1987,ticket_prices,[],['17.50/15'],
"bon-jovi-barton-coliseum-arkansas-state-fairgrounds,-gs-sellout-1987-02-28",3/14/1987,ticket_prices,[],['15'],
david-copperfield-fox-theatre-1987-03-26,4/11/1987,attendance,2935,22995,
iron-maiden-the-meadowlands-arena-1987-03-28,4/11/1987,ticket_prices,[],['16.50/14.50'],
the-pretenders-cobo-arena-1987-03-27,4/11/1987,attendance,77,7117,
ratt-lc.-walker-arena-1987-03-29,4/11/1987,artists,"['RATT LC.', 'POISON']","['RATT', 'POISON']",
george-jones.-asheville-civic-center-1987-03-28,4/11/1987,ticket_prices,['4513'],['14/13'],
"the-jets-sam-houston-coliseum,-civic-center-complex-1987-03-14",4/11/1987,ticket_prices,['11.95/88.95'],['11.95/8.95'],
"conway-twitty-showcase-theatre,-jacksonville-veterans-memorial-coliseum-1987-03-26",4/11/1987,gross_receipts_us,87443,57443,
"beastie-boys-theatre,-atlanta-civic-center-murphy's-law-1987-03-06",4/11/1987,artists,"['BEASTIE BOYS', 'FISHBONE']","['BEASTIE BOYS', ""MURPHY'S LAW"", 'FISHBONE']",
"sam-kinison-westport-playhouse-st,-louis,-1987-03-07",4/11/1987,gross_receipts_us,85755,55755,
genesis-giants-stadium-1987-05-30,6/13/1987,attendance,7017,117017,
"genesis-rfk-stadium,-starplex-washington,-d.c-1987-05-26",6/13/1987,artists,"['GENESIS RFK', 'PAUL YOUNG']","['GENESIS', 'PAUL YOUNG']",
"genesis-rfk-stadium,-starplex-washington,-d.c-1987-05-26",6/13/1987,location,"['Stadium, Starplex', 'Washington, D.C']","['RFK Stadium, Starplex', 'Washington, D.C']",
"deep-purple-coliseum,-arizona-veterans-memorial-coliseum-&-fairgrounds-1987-05-30",6/13/1987,ticket_prices,['16/515'],['16/15'],
beach-boys-oak-mountain-amphitheatre-1987-05-29,6/13/1987,gross_receipts_us,,81165,
beach-boys-oak-mountain-amphitheatre-1987-05-29,6/13/1987,attendance,,6344,
eddie-money-hult-center-1987-05-23,6/13/1987,ticket_prices,['16.50/815.50'],['16.50/15.50'],
"oingo-boingo-westport-playhouse-st.-louis,-1987-05-18",6/13/1987,attendance,1,737,
"10th-annual-texxas-world-_|-cotton-bow!-stadium,-texas-state-fair-coliseum-&-catton-bowi-stadium-1987-06-20",7/4/1987,attendance,30929,80929,
"10th-annual-texxas-world-_|-cotton-bow!-stadium,-texas-state-fair-coliseum-&-catton-bowi-stadium-1987-06-20",7/4/1987,ticket_prices,['25/822'],['25/22'],
"bryan-adams-arena,-madison-square-garden-center-1987-06-18",7/4/1987,attendance,,34764,
grateful-dead-greek-theatre-univ.-of-1987-06-19,7/4/1987,ticket_prices,[],['17.50'],
bon-jovi-]-menichots-sports-arena-1987-06-14,7/4/1987,ticket_prices,"[517.05, 15.95, 14.85]",['17.05/15.95/14.85'],
"paul-simon-the-spectrum-philadelphia,-1987-06-17",7/4/1987,attendance,2332,23328,
"paul-simon-the-spectrum-philadelphia,-1987-06-17",7/4/1987,ticket_prices,"[20.0, 815.0]",['20/15'],
johnny-mathis-fox-theatre-1987-06-10,7/4/1987,ticket_prices,"[26.9, 821.9, 518.9, 15.9]","['26.90/21.90/18.90/', '15.90']",
"bryan-adams-the-centrum-in-worcester-tune-worcester,-None",7/4/1987,gross_receipts_us,,351143,
"bryan-adams-the-centrum-in-worcester-tune-worcester,-None",7/4/1987,dates,['1314'],['June 13-14'],
"bryan-adams-the-centrum-in-worcester-tune-worcester,-None",7/4/1987,attendance,,20888,
"bryan-adams-the-centrum-in-worcester-tune-worcester,-None",7/4/1987,ticket_prices,['17.50/815'],['17.50/15'],
"bon-jovi-kemper-arena,-american-royal-center-west-presentations-1987-06-04",7/4/1987,gross_receipts_us,,249349,
"bon-jovi-kemper-arena,-american-royal-center-west-presentations-1987-06-04",7/4/1987,attendance,,16417,
"motley-crue-coliseum,-arizona-veterans-memorial-coliseum-&-fairgrounds-1987-06-20",7/4/1987,ticket_prices,[],['16/15'],
kenny-rogers-warwick-musical-theatre-1987-06-13,7/4/1987,ticket_prices,[],['30/25'],
run-d.m.c.-san-diego-sports-arena-dune-None,7/4/1987,ticket_prices,[],['16'],
stevie-ray-vaughan-red-rocks-amphitheatre-1987-06-17,7/4/1987,ticket_prices,['17.60/816.60'],['17.60/16.60'],
"duran-duran-the-centrum-in-worcester-worcester,-1987-06-18",7/4/1987,gross_receipts_us,,150115,
"duran-duran-the-centrum-in-worcester-worcester,-1987-06-18",7/4/1987,attendance,,8798,
"duran-duran-the-centrum-in-worcester-worcester,-1987-06-18",7/4/1987,ticket_prices,,['17.50'],
the-bangles-jones-beach-theatre-1987-06-13,7/4/1987,gross_receipts_us,,147450,
the-bangles-jones-beach-theatre-1987-06-13,7/4/1987,attendance,,8500,
charles-aznavour-&-pia-radio-city-music-hall-1987-06-10,7/4/1987,gross_receipts_us,,139575,
charles-aznavour-&-pia-radio-city-music-hall-1987-06-10,7/4/1987,attendance,,5108,
pimpinela-radio-city-music-hall-1987-05-29,7/4/1987,ticket_prices,,['25/20'],
the-pointer-sisters-jones-beach-theatre-1987-06-20,7/4/1987,ticket_prices,[],['18.50'],
one-for-the-sun:-starwood-amphitheatre-1987-06-20,7/4/1987,ticket_prices,[],['12/10'],
"psychedelic-furs-the-centrum-in-worcester-worcester,---+:-1987-06-12",7/4/1987,attendance,,6628,
"psychedelic-furs-the-centrum-in-worcester-worcester,---+:-1987-06-12",7/4/1987,ticket_prices,['15/513.50'],['15/13.50'],
"tom-petty-&-the-arena,-omaha-civic-auditorium-None",7/4/1987,attendance,,6376,
"tom-petty-&-the-arena,-omaha-civic-auditorium-None",7/4/1987,ticket_prices,[],['15'],
u2-nassau-coliseum-1987-09-10,9/26/1987,gross_receipts_us,,648603,
u2-nassau-coliseum-1987-09-10,9/26/1987,attendance,,34899,
u2-nassau-coliseum-1987-09-10,9/26/1987,ticket_prices,[],['19'],
heart-irvine-meadows-amphitheatre-1987-09-04,9/26/1987,gross_receipts_us,,491457,
heart-irvine-meadows-amphitheatre-1987-09-04,9/26/1987,attendance,,29797,
boston-civic-arena-1987-09-11,9/26/1987,attendance,,25643,
whitney-houston-providence-civic-center-1987-09-05,9/26/1987,ticket_prices,[],['18.50/16.50'],
"heart-the-summit-houston,-1987-09-13",9/26/1987,ticket_prices,[],['17.50'],
anita-baker-irvine-meadows-amphitheatre-1987-09-13,9/26/1987,attendance,,10418,
hank-williams-jr.-&-the-bama-|-ovens-coliseum-1987-09-12,9/26/1987,ticket_prices,[],['15'],
motley-crue-huntington-civic-center-1987-09-09,9/26/1987,gross_receipts_us,,162270,
motley-crue-huntington-civic-center-1987-09-09,9/26/1987,attendance,,10818,
motley-crue-huntington-civic-center-1987-09-09,9/26/1987,ticket_prices,[],['15'],
"the-cult-long-beach-arena,-long-beach-convention-&-entertainment-sellout-center-None",9/26/1987,gross_receipts_us,,160479,
"the-cult-long-beach-arena,-long-beach-convention-&-entertainment-sellout-center-None",9/26/1987,ticket_prices,,['16.50'],
anne-murray-great-woods-center-1987-08-30,9/26/1987,attendance,,8241,
"tina-turner-grandstand,-new-york-state-fair-1987-09-01",9/26/1987,attendance,,8943,
"randy-travis.-northern-jubilee-edmonton,-alta.,-canada-1987-09-08",9/26/1987,gross_receipts_us,,131184,
"randy-travis.-northern-jubilee-edmonton,-alta.,-canada-1987-09-08",9/26/1987,attendance,,9900,
luciano-pavarotti-hartford-civic-center-1988-01-10,2/20/1988,gross_receipts_us,,621955,
luciano-pavarotti-hartford-civic-center-1988-01-10,2/20/1988,attendance,,14415,
"whitesnake-centrum-in-worcester-worcester,-mass,-1988-01-28",2/20/1988,gross_receipts_us,,407618,
"whitesnake-centrum-in-worcester-worcester,-mass,-1988-01-28",2/20/1988,attendance,,24403,
"sting-spectrum-philadetphia,-1988-02-02",2/20/1988,attendance,,15451,
"oingo-boingo-hollywood-palladium-hollywood,-1988-01-29",2/20/1988,ticket_prices,[],['15'],
"the-cheap-vacation-tour:-centrum-in-worcester-worcester,-1988-01-30",2/20/1988,ticket_prices,[],['19.75'],
"rush-frank-erwin-center-univ.-of-texas,-1988-01-30",2/20/1988,ticket_prices,[],['17.50/15.50'],
oef-leppard-von-braun-civic-center-1988-02-06,2/20/1988,ticket_prices,[],['16'],
whitesnake-cumberland-county-civic-center-1988-01-24,2/20/1988,ticket_prices,[],['22.50'],
"john-cougar-mellencamp-rupp-arena,-lexington-center-mavch-None",3/26/1988,dates,[],['March 11'],
whitesnake-charlotte-coliseum-1988-03-01,3/26/1988,gross_receipts_us,,206366,
whitesnake-charlotte-coliseum-1988-03-01,3/26/1988,attendance,,12507,
"john-cougar-mellencamp-arena,-omaha-civic-auditorium-1988-02-13",3/26/1988,ticket_prices,[],['17'],
whitesnake-von-braun-civic-center-1988-03-09,3/26/1988,ticket_prices,,['16'],
"inxs-vic-pavillion-univer.-of-tllinois,-chicago-chicago,-None",3/26/1988,dates,['March'],['March 11'],
"inxs-vic-pavillion-univer.-of-tllinois,-chicago-chicago,-None",3/26/1988,gross_receipts_us,,159374,
"inxs-vic-pavillion-univer.-of-tllinois,-chicago-chicago,-None",3/26/1988,attendance,,9659,
"john-cougar-mellencamp-stokley-athletic-center-univer.-of-tennessee,-1988-03-08",3/26/1988,ticket_prices,[],['16.50'],
frank-sinatra/dean-chicago-theatre-1988-03-18,4/2/1988,artists,['FRANK SINATRA/DEAN'],"['FRANK SINATRA/DEAN', 'MARTIN/SAMMY DAVIS JR.']",
frank-sinatra/dean-chicago-theatre-1988-03-18,4/2/1988,gross_receipts_us,,923600,
frank-sinatra/dean-chicago-theatre-1988-03-18,4/2/1988,attendance,,10200,
frank-sinatra/dean-chicago-theatre-1988-03-18,4/2/1988,ticket_prices,,['100/75/50/25'],
"bruce-springsteen-&-thee-|-rosemont-horizon-rosemont,-ti-sellout-1988-03-16",4/2/1988,gross_receipts_us,,801720,
"bruce-springsteen-&-thee-|-rosemont-horizon-rosemont,-ti-sellout-1988-03-16",4/2/1988,attendance,,35632,
frank-sinatra/sammy-davis-|-oakland-alameda-county-jr./dean-martin-coliseum-1988-03-13,4/2/1988,artists,['FRANK SINATRA/SAMMY DAVIS |'],"['FRANK SINATRA/SAMMY DAVIS', 'JR./DEAN MARTIN]",
"frank-sinatra/dean-coliseum,-seattle-center-martin/sammy-davis-jr.-1988-03-16",4/2/1988,artists,['FRANK SINATRA/DEAN'],"['FRANK SINATRA/DEAN', 'MARTIN/SAMMY DAVIS JR.']",
"inxs-radio-city-music-hal-ph-_|-new-york,-n.y.-1988-03-18",4/2/1988,gross_receipts_us,,345600,
"inxs-radio-city-music-hal-ph-_|-new-york,-n.y.-1988-03-18",4/2/1988,attendance,,17622,
george-thorogood-&-the-patriot-center-None,4/2/1988,gross_receipts_us,,277821,
george-thorogood-&-the-patriot-center-None,4/2/1988,attendance,,16000,
"john-cougar-mellencamp-the-summit-houston,-_-_ii-1988-03-06",4/2/1988,ticket_prices,[],['17.50'],
"sting-the-summit-match-houston,-_-None",4/2/1988,ticket_prices,['1675'],['16.75'],
"dio-featuring-ronnie-james--|-arena,-long-beach-convention-&-©-entertainment-center-1988-03-12",4/2/1988,gross_receipts_us,,173110,
"dio-featuring-ronnie-james--|-arena,-long-beach-convention-&-©-entertainment-center-1988-03-12",4/2/1988,attendance,,10485,
frankie-valli-&-the-four-westbury-music-fair-1988-03-18,4/2/1988,gross_receipts_us,,159090,
frankie-valli-&-the-four-westbury-music-fair-1988-03-18,4/2/1988,attendance,,8453,
george-strait-selland-arena-1988-03-12,4/2/1988,ticket_prices,[],['16'],
whitesnake-special-events-center-1988-03-20,4/2/1988,attendance,,9286,
sting-university-activity-center-arizona-state-univ.-1988-03-18,4/2/1988,gross_receipts_us,,140175,
sting-university-activity-center-arizona-state-univ.-1988-03-18,4/2/1988,attendance,,8491,
sting-university-activity-center-arizona-state-univ.-1988-03-18,4/2/1988,ticket_prices,[],['17.50'],
"agreat-night-for-the-irish:-|-radio-city-music-hal-new-york,-1988-03-16",4/2/1988,gross_receipts_us,,137700,
"agreat-night-for-the-irish:-|-radio-city-music-hal-new-york,-1988-03-16",4/2/1988,attendance,,5874,
"agreat-night-for-the-irish:-|-radio-city-music-hal-new-york,-1988-03-16",4/2/1988,ticket_prices,['25/820'],['25/20'],
hank-williams-jr.-&-the-bama-|-roberts-municipal-stadium-None,4/2/1988,ticket_prices,['1550'],['15.50'],
"sandi-patti-arena,-memorial-coliseum-1988-03-17",4/2/1988,ticket_prices,[],['12.50/11.50'],
yes-san-diego-sports-arena-1988-03-08,4/2/1988,gross_receipts_us,,105728,
yes-san-diego-sports-arena-1988-03-08,4/2/1988,attendance,,5715,
yes-san-diego-sports-arena-1988-03-08,4/2/1988,ticket_prices,[],['18.50'],
david-lee-roth-ohio-center-1988-03-20,4/2/1988,gross_receipts_us,,105270,
david-lee-roth-ohio-center-1988-03-20,4/2/1988,attendance,,6380,
david-lee-roth-ohio-center-1988-03-20,4/2/1988,ticket_prices,[],['16.50'],
randy-travis/judds-lee-civic-center-match-None,4/2/1988,gross_receipts_us,,100305,
randy-travis/judds-lee-civic-center-match-None,4/2/1988,attendance,,6687,
randy-travis/judds-lee-civic-center-match-None,4/2/1988,ticket_prices,[],['15'],
"randy-travis/judds,-albany-civic-center-1988-03-19",4/2/1988,gross_receipts_us,,99611,
"randy-travis/judds,-albany-civic-center-1988-03-19",4/2/1988,attendance,,6037,
"randy-travis/judds,-albany-civic-center-1988-03-19",4/2/1988,ticket_prices,,['16.50'],
alarm-ivine-meadows-amphitheatre-1988-03-19,4/2/1988,gross_receipts_us,,90169,
alarm-ivine-meadows-amphitheatre-1988-03-19,4/2/1988,attendance,,5835,
alarm-ivine-meadows-amphitheatre-1988-03-19,4/2/1988,ticket_prices,['18.50/416.50'],['18.50/16.50'],
george-thorogood-&-the-stabler-arena-lehigh-univ-____|-1988-03-17,4/2/1988,ticket_prices,['15.50/813.50'],['15.50/13.50'],
frank-zappa-royal-oak-music-theater-None,4/2/1988,ticket_prices,[],['17'],
dio-featuring-ronnie-james-|-san-diego-sports-arena-1988-03-07,4/2/1988,attendance,,4264,
"dio-featuring-ronnie-james-|-arena,-henry-j.-kaiser-convention-center-1988-03-10",4/2/1988,ticket_prices,['19.50/317.50'],['19.50/17.50'],
"reba-mcentire-}-arena,-amarillo-civic-center-1988-03-13",4/2/1988,ticket_prices,[],['14.50'],
statler-brothers-von-braun-civic-center-_holly-dunn-None,4/2/1988,ticket_prices,['4'],['14'],
van-halen's-monsters-of-los-angeles-duly-cohseum-None,8/13/1988,dates,['24'],['July 24'],
aerosmeth-poplar-creek-music-theatre-1988-07-17,8/13/1988,attendance,3674,23674,
aerosmeth-poplar-creek-music-theatre-1988-07-17,8/13/1988,ticket_prices,[],['20/15'],
aerosmith-richfield-(guns-n'-roses-coliseum-1988-07-19,8/13/1988,artists,['AEROSMITH'],"['AEROSMITH', ""GUNS N' ROSES""]",
aerosmith-richfield-(guns-n'-roses-coliseum-1988-07-19,8/13/1988,location,"['Richfield', ""(GUNS N' ROSES Coliseum"", 'Richfield, Ohio']","['Richfield', ""Coliseum"", 'Richfield, Ohio']",
def-leppard-indiana-state-fairgrounds.-indianapolis.-1988-07-18,8/13/1988,ticket_prices,[],['20/17'],
budweiser-superfest:-greensboro-coliseum-1988-07-15,8/13/1988,attendance,1497,11497,
beach-boys-mackay-stadium-1988-07-15,8/13/1988,artists,"['BEACH BOYS', 'AMERICA']","['BEACH BOYS', 'THREE DOG NIGHT', 'AMERICA']",
aeroshath-starplex-wr-roses:-amphitheatre-1988-07-24,8/13/1988,artists,"['AEROSHATH', 'GRINS']","['AEROSHATH', ""GUNS N' ROSES""]",
"alabama-sussex-county-fairgrounds.-augusta,-condit-charities-1988-07-08",8/13/1988,artists,"['ALABAMA', 'AT.OSUN', 'ASLEEP AT THE WHEEL']","['ALABAMA', 'AT.OSUN', 'ASLEEP AT THE WHEEL', 'JAMES BEAM']",
robert-plant-greensboro-duly-coliseum-None,8/13/1988,dates,['19'],['July 19'],
steve-winwood-cal-expo-amphitheatre-1988-07-23,8/13/1988,ticket_prices,[],['17.50'],
roo-stewart-keifer-uno-lakefront-arena-1988-07-20,8/13/1988,ticket_prices,[],['16.50'],
inks.-meadowlands-arena-None,9/10/1988,artists,"['INKS.', 'DGGY MARLEY & THE', 'MELODY MAKERS.', 'NJ.']","['INXS', 'DGGY MARLEY & THE', 'MELODY MAKERS.', 'NJ.']",
inks.-meadowlands-arena-None,9/10/1988,gross_receipts_us,,314760,
inks.-meadowlands-arena-None,9/10/1988,attendance,,17274,
inks.-meadowlands-arena-None,9/10/1988,ticket_prices,['18.50/917.50'],['18.50/17.50'],
inks.-meadowlands-arena-None,9/10/1988,dates,['Aug.'],['Aug. 11'],
alidg-birmingham--jefferson-civic-center-1988-08-20,9/10/1988,artists,"['ALIDG', 'WHITE LION']","['AC/DC', 'WHITE LION']",
alidg-birmingham--jefferson-civic-center-1988-08-20,9/10/1988,attendance,,264083,
aidc-charlotte-coliseum-1988-08-25,9/10/1988,artists,"['AIDC', 'WHITE UON']","['AC/DC', 'WHITE UON']",
"rod-stewart-coliseum,-pacific-nationa)-exhibition-park-1988-08-20",9/10/1988,attendance,2,12444,
bryan-ferry-exhibition-stadium-1988-08-17,9/10/1988,attendance,,14000,
acide-greensboro-coliseum-1988-08-27,9/10/1988,artists,"['ACIDE', 'WHITE LION', 'N.C.']","['AC/DC', 'WHITE LION', 'N.C.']",
neil-young-exhibition-stadium-1988-08-18,9/10/1988,attendance,,12000,
inks-cincinnati-riverfront-coliseum-1988-08-28,9/10/1988,artists,"['INKS', 'DOGGY MARLEY & THE', 'MELODY MAKERS']","['INXS', 'DOGGY MARLEY & THE', 'MELODY MAKERS']",
inks-cincinnati-riverfront-coliseum-1988-08-28,9/10/1988,attendance,,11825,
inks-cincinnati-riverfront-coliseum-1988-08-28,9/10/1988,ticket_prices,['7'],['17'],
jimmy-buffett-&-the-seattle-center-arena-1988-08-13,9/10/1988,gross_receipts_us,,180523,
jimmy-buffett-&-the-seattle-center-arena-1988-08-13,9/10/1988,attendance,,10224,
mi-municipal-auditorium-1988-08-21,9/10/1988,artists,"['MI', 'WHITE LION']","['AC/DC', 'WHITE LION']",
"elton-john-miami-arena,-miami,-1988-09-09",10/1/1988,attendance,3913,25913,
"kenny-rogers:-valley-forge-music-fair,-sellouts-1988-09-09",10/1/1988,ticket_prices,[],['30'],
"george-michael-alpine-valley-music-theatre,-east-troy,-group-1988-09-09",10/1/1988,attendance,2302,20302,
"acide-.-alpine-valley-music-theatre,-fast-troy,-group-1988-09-10",10/1/1988,artists,"['ACIDE .', 'WHITE LIOR']","['AC/DC', 'WHITE LIOR']",
"the-grateful-dead-madison-square-garden-entertainment-new-york,-john-scher-=-presents-None",10/8/1988,dates,"['Sept. 14.', '16, 18-20,']","['Sept. 14-', '16, 18-20,', '22-23']",
"def-leppard-meadowlands-east-rutherford,-bureau-john-scher-presents-1988-09-21",10/8/1988,ticket_prices,['1850/817.50'],['18.50/17.50'],
george-michael-tacoma-dome-None,10/8/1988,dates,['Sept. 22-'],"['Sept. 22-', '23']",
george-michael-tacoma-dome-None,10/8/1988,gross_receipts_us,,891900,
george-michael-tacoma-dome-None,10/8/1988,attendance,,45240,
"prince,-rosemont-horizon,-il-_-sellout-ee-1988-09-17",10/8/1988,gross_receipts_us,836815,886815,
"benefit-for-the-rain-madison-square-garden-new-york,-n.y.-bureau-john-schet-presents-1988-09-24",10/8/1988,ticket_prices,['250/550/825'],['250/50/25'],
aerosmith-pacific-amphitheatre-1988-09-01,10/8/1988,gross_receipts_us,,670030,
aerosmith-pacific-amphitheatre-1988-09-01,10/8/1988,attendance,,37528,
"george-michael-|-fiddler's-green-|_deok-estus-|_-denver,-None",10/8/1988,dates,"['Sept. 17-', '1B']","['Sept. 17-', '18']",
randy-travis/the-judds-|-universal-amphitheatre-1988-09-02,10/8/1988,gross_receipts_us,,461225,
randy-travis/the-judds-|-universal-amphitheatre-1988-09-02,10/8/1988,attendance,,23213,
randy-travis/the-judds-|-universal-amphitheatre-1988-09-02,10/8/1988,dates,"['Sept. 21-', '4', '7']","['Sept. 21-', '24']",
sade-mann-music-center-None,10/8/1988,gross_receipts_us,,285225,
sade-mann-music-center-None,10/8/1988,attendance,,23213,
sade-mann-music-center-None,10/8/1988,ticket_prices,"['30/325/', '14.50/312.50']","['30/25/', '14.50/12.50']",
sade-mann-music-center-None,10/8/1988,dates,['Sept. 17-'],"['Sept. 17-', '18']",
randy-travis/the-ud-|-concord-pavilion-1988-09-18,10/8/1988,artists,['RANDY TRAVIS/THE UD |'],['RANDY TRAVIS/THE JUDDS'],
randy-travis/the-ud-|-concord-pavilion-1988-09-18,10/8/1988,ticket_prices,"['20,50/516.50']","['20,50/16.50']",
"rod-stewart-boston-garden-mass,-1988-09-24",10/8/1988,attendance,1440,14140,
"rod-stewart-boston-garden-mass,-1988-09-24",10/8/1988,ticket_prices,['18.50/916'],['18.50/16'],
"oo-stewart-providence-civic-center,-&-_|-1988-09-23",10/8/1988,ticket_prices,[],['17.50'],
"oo-stewart-providence-civic-center,-&-_|-1988-09-23",10/8/1988,location,"['Providence Civic', 'Center, & _|']","['Providence Civic', 'Center, R.I.']",
eddy-arnold-fox-theatre-None,10/8/1988,dates,['Sept. 23-'],"['Sept. 23-', '25']",
eddy-arnold-fox-theatre-None,10/8/1988,gross_receipts_us,,231950,
eddy-arnold-fox-theatre-None,10/8/1988,attendance,,13020,
eddy-arnold-fox-theatre-None,10/8/1988,ticket_prices,"['19.90/16.90/', '13.90/87.90']","['19.90/16.90/', '13.90/7.90']",
rod-stewart-centrum-in-worcester-=-1988-09-22,10/8/1988,attendance,1213,12131,
"def-lepparo-louisiana-state-univ,-assembly-center-None",10/8/1988,dates,['Sept.s'],['Sept. 8'],
"def-lepparo-louisiana-state-univ,-assembly-center-None",10/8/1988,gross_receipts_us,,222239,
"def-lepparo-louisiana-state-univ,-assembly-center-None",10/8/1988,attendance,,13698,
randy-travis/the-judos:-shoreline-amphitheatre-1988-09-17,10/8/1988,ticket_prices,['22.50/318.50'],['22.50/18.50'],
"oo-stewart-ottawa-fair,-canadian)-donald-k.-donald:-bass-clef-lt-entertainment-1988-08-27",10/8/1988,gross_receipts_us,207.57,207257,
"oo-stewart-ottawa-fair,-canadian)-donald-k.-donald:-bass-clef-lt-entertainment-1988-08-27",10/8/1988,attendance,1078,10428,
grateful-dead-oakland-coliseum-None,1/14/1989,dates,"['Dec. 28-', '23,31']","['Dec. 28-', '29, 31']",
neil-diamond-miami-arena-1988-12-18,1/14/1989,ticket_prices,[],['18.50'],
kenny-rogers:-fox-theatre-1988-12-15,1/14/1989,artists,"['KENNY ROGERS:', 'THE FORESTER SISTERS,']","['KENNY ROGERS', 'THE FORESTER SISTERS']",
kenny-rogers:-fox-theatre-1988-12-15,1/14/1989,ticket_prices,['27.50/820.50'],['27.50/20.50'],
andrew-dice-clay-beacon-theatre-1988-12-31,1/14/1989,ticket_prices,[],['30'],
kansas/night-ranger-sunrise-musical-theatre-gis-sellout-1988-12-29,1/14/1989,ticket_prices,[],['15'],
randy-travis/merle-martin-luther-king-jr.-arena-1989-01-12,2/4/1989,ticket_prices,[],['17.50'],
george-strait-barnhill-arena-1989-01-20,2/4/1989,ticket_prices,[],['15'],
wayne-newton-fox-theatre-1989-03-23,4/8/1989,gross_receipts_us,,435694,
wayne-newton-fox-theatre-1989-03-23,4/8/1989,attendance,,21174,
"“bon-jovi-rosemont-horizon-rosemont,-lll.-1989-03-24",4/8/1989,attendance,,17122,
bobby-brown-reunion-arena-1989-03-26,4/8/1989,attendance,123,12713,
rem.-reunion-arena-1989-03-22,4/8/1989,ticket_prices,[],['17.50'],
kenny-g-fox-theatre-1989-03-24,4/8/1989,gross_receipts_us,,155299,
kenny-g-fox-theatre-1989-03-24,4/8/1989,attendance,,8598,
"cinderella-barton-coliseum-ark,-state-sé-fairgrounds-1989-03-25",4/8/1989,ticket_prices,[],['16'],
metallica-pt-fieldhouse-1989-03-15,4/8/1989,attendance,,7472,
metallica-pt-fieldhouse-1989-03-15,4/8/1989,ticket_prices,[],['16.50'],
"alabama,-wendler-arena-1989-03-16",4/8/1989,attendance,,6800,
chicago-brown-co.-veterans-memorial-arena-al-1989-03-22,4/8/1989,attendance,3872,5872,
hal-roach-valley-forge-music-fair-1989-03-18,4/8/1989,ticket_prices,[],['17'],
world-series-of-rock:-alpine-valiey-music-theatre-1989-05-27,6/17/1989,attendance,,36213,
"bon-jovi-grandstand,-exhibition-place-toronto,-canadian)-1989-06-02",6/17/1989,ticket_prices,[],['25/21'],
bon-jovl-joe-louis-arena-1989-05-28,6/17/1989,attendance,877,17877,
"sulig-iglesias-montreal-forum-montreal,-canadian)-1989-06-01",6/17/1989,attendance,,9839,
the-jump-street-civic-arena-1989-05-29,6/17/1989,ticket_prices,[],['17.50'],
dave-copperfield-theatre-ill-national-arts-centre-canadian)-1989-05-19,6/17/1989,attendance,,8301,
"the-jump-street-uic-pavilion,-chicago-1989-05-25",6/17/1989,attendance,,8362,
"the-jump-street-uic-pavilion,-chicago-1989-05-25",6/17/1989,ticket_prices,[],['19.50],
bon-jovi-peoria-civic-center-1989-05-29,6/17/1989,attendance,805,8305,
bon-jovi-peoria-civic-center-1989-05-29,6/17/1989,ticket_prices,[],['18.50'],
conway-twitty-nashville-dune-municipal-auditorium-None,6/17/1989,dates,['4'],['June 4'],
"jerry-garcia-irvine-meadows-laguna-hills,-1989-05-19",6/17/1989,attendance,,5791,
"jerry-garcia-irvine-meadows-laguna-hills,-1989-05-19",6/17/1989,ticket_prices,[],['20/18.50'],
diana-ross-radio-city-music-hall-prods.-1989-06-14,7/1/1989,ticket_prices,['35/930/25'],['35/30/25'],
"budweiser-superfest:-rfk-stadium-washington,-de.-dimensions-unlimited-wy-1989-06-17",7/1/1989,ticket_prices,['26.75/524.75'],['26.75/24.75'],
george-strait-starplex-amphitheatre-1989-06-15,7/1/1989,gross_receipts_us,,434939,
george-strait-starplex-amphitheatre-1989-06-15,7/1/1989,attendance,,24837,
bon-jom-hersheypark-stadium-1989-06-09,7/1/1989,ticket_prices,['1850'],['18.50'],
80n-jovi-providence-civic-center-None,7/1/1989,dates,['June?'],['June 7'],
"eadeinwa,-uic-pavilion,-univ.-of-illinois:-concerts-chicago-jam-prods.-1989-06-14",7/1/1989,artists,"['EADEINWA, UIC', 'KIDNPLAY', 'TOO SHORT', 'KWAME']","['EAZY-E/N.W.A', ""KID 'N PLAY"", 'TOO SHORT', 'KWAME', 'J.J. FAD']",
eaiv-e/rwa-reunion-arena-no'nplay-1989-06-10,7/1/1989,artists,"['EAIV-E/RWA', 'TOO SHORT', 'SR MIKALOT', 'KWAME', 'MC. TWIST']","['EASY-E/N.W.A.', ""KID 'N PLAY"", 'TOO SHORT', 'SR MIX-A-LOT', 'KWAME', 'J.J. FAD, M.C. TWIST']",
"eadeinwa.-the-summit-xid'npliy-houston,-1989-06-11",7/1/1989,artists,"['EADEINWA.', 'TOO SHORT', 'WANE', 'MC. TWIST']","['EASY-E/N.W.A.', ""KID 'N PLAY"", 'TOO SHORT', 'KWAME', 'J.J. FAD', 'M.C. TWIST']",
"eadeinwa.-the-summit-xid'npliy-houston,-1989-06-11",7/1/1989,attendance,,9816,
"ealve/ma,-arena,-mecca-milwaukee,-kid'n-play-1989-06-16",7/1/1989,artists,"['EALVE/MA,', 'WANE', 'TOO SHORT', 'JU.FAD']","['EASY-E/N.W.A.,', 'KWAME', 'TOO SHORT', 'J.J. FAD', ""KID 'N PLAY""]",
the-judds-wolt-trap-farm-=-park-1989-06-01,7/1/1989,ticket_prices,['25/20/815'],['25/20/15'],
"eatveinma,-loursville-tooshort-gardens-concerts-1989-06-08",7/1/1989,artists,"['EATVEINMA,', 'KWAME']","['EASY-E/N.W.A.', 'KWAME', 'TOO SHORT', 'J.J. FAD', ""KID 'N PLAY""]",
"eatyeinwa,-cincinnati-riverfront-nio-'nplay-coliseum-1989-06-18",7/1/1989,artists,"['EATYEINWA,', 'A.FAD']","['EASY-E/N.W.A.', 'J.J. FAD', ""KID 'N PLAY""]",
grateful-dead-rich-stadium-1989-07-04,7/22/1989,ticket_prices,[],['21'],
"neil-diamond-the-great-western-forum-inglewood,-__&-None",7/22/1989,dates,"['June 28-', '30, July 2', '5-10']","['June 28-', '30, July 2', '& 5-10']",
jowathon-brandmeier-&-|-poplar-creek-music-theatre-None,7/22/1989,gross_receipts_us,,600930,
jowathon-brandmeier-&-|-poplar-creek-music-theatre-None,7/22/1989,attendance,,36415,
the-doobie-brothers-alpine-valley-music-theatre-1989-06-17,7/22/1989,gross_receipts_us,,495771,
the-doobie-brothers-alpine-valley-music-theatre-1989-06-17,7/22/1989,attendance,,22061,
"new-order-grandstand,-exhibition-place-toronto-canadian)-None",7/22/1989,attendance,7677,17577,
"new-order-grandstand,-exhibition-place-toronto-canadian)-None",7/22/1989,ticket_prices,['24/521'],['24/21'],
jammy-buffett-&-coral-palace-1989-06-30,7/22/1989,attendance,,11037,
shirley-bassey-westbury-music-fair-1989-06-27,7/22/1989,gross_receipts_us,,207469,
shirley-bassey-westbury-music-fair-1989-06-27,7/22/1989,attendance,,8279,
"rod-stewart-mid-south-coliseum,-memphis,-1989-06-28",7/22/1989,ticket_prices,[],['17'],
"rod-stewart-coliseum,-mississippi-$i?-sellout-concerts-state-fairgrounds-1989-06-30",7/22/1989,ticket_prices,[],['17'],
o1ngo-boingo-open-air-theatre-1989-06-25,7/22/1989,gross_receipts_us,,156700,
o1ngo-boingo-open-air-theatre-1989-06-25,7/22/1989,attendance,,8403,
the-who-alpine-valley-music-theatre-i-1989-07-21,8/5/1989,gross_receipts_us,,3146704,
the-who-alpine-valley-music-theatre-i-1989-07-21,8/5/1989,attendance,,110004,
|-grateful-dead-alpine-valley-music-theatre-1989-07-17,8/5/1989,gross_receipts_us,,1904071,
|-grateful-dead-alpine-valley-music-theatre-1989-07-17,8/5/1989,attendance,,105671,
grateful-dead-jfk-stadium-philadelphia-gal-1989-07-07,8/5/1989,attendance,13347,73347,
grateful-dead-jfk-stadium-philadelphia-gal-1989-07-07,8/5/1989,ticket_prices,[],['21'],
the-who-|-three-rivers-stadium-1989-07-16,8/5/1989,ticket_prices,[],['25'],
neil-diamond-met-center-1989-07-15,8/5/1989,gross_receipts_us,,1023954,
neil-diamond-met-center-1989-07-15,8/5/1989,attendance,,51888,
neil-diamond-met-center-1989-07-15,8/5/1989,ticket_prices,['20/518'],['20/18'],
metallica-meadowlands-arena-1989-07-21,8/5/1989,gross_receipts_us,,487940,
metallica-meadowlands-arena-1989-07-21,8/5/1989,attendance,,28670,
metallica-meadowlands-arena-1989-07-21,8/5/1989,ticket_prices,['48.50/17.50'],['18.50/17.50'],
the-doobie-brothers-jones-beach-theatre-1989-07-20,8/5/1989,gross_receipts_us,,432248,
the-doobie-brothers-jones-beach-theatre-1989-07-20,8/5/1989,attendance,,19211,
chicago/the-beach-bots-|-civic-arena-1989-07-19,8/5/1989,ticket_prices,['26/823.50'],['26/23.50'],
new-order-pine-knob-music-theatre-1989-07-17,8/5/1989,ticket_prices,['20/316.50'],['20/16.50'],
chicago/the-beach-boys-|-seashore-performing-arts-centre-1989-07-21,8/5/1989,ticket_prices,['21/820'],['21/20'],
metallica-nassau-veterans-memorial-larry-vaughan-coliseum-1989-07-23,8/5/1989,ticket_prices,['18.50/817.50'],['18.50/17.50'],
roo-stewart-champs-de-brionne-amphitheatre-1989-07-15,8/5/1989,ticket_prices,['19/317.50'],['19/17.50'],
jimmy-buffett-&-the-mann-music-center-1989-07-16,8/5/1989,ticket_prices,"['2450/21.50/', '16/13.50']","['24.50/21.50/', '16/13.50']",
howard-jones-park-west-amphitheatre-1989-07-15,8/5/1989,ticket_prices,"['20/318/317/', '15']","['20/18/17/', '15']",
steve-miller-red-racks-amphitheatre-None,8/5/1989,dates,['July'],['July 11'],
rod-stewart-meadowlands-arena-1989-08-11,8/26/1989,gross_receipts_us,,386000,
rod-stewart-meadowlands-arena-1989-08-11,8/26/1989,attendance,,19300,
"peter,-paul-&-mary-wolf-trap-farm-park-1989-07-28",8/26/1989,ticket_prices,['20/813'],['20/13'],
tiffany-seashore-performing-arts-center-1989-08-10,8/26/1989,attendance,,11114,
tiffany-seashore-performing-arts-center-1989-08-10,8/26/1989,ticket_prices,[],['19/18'],
bb.-king-regal-theatre-1989-08-04,8/26/1989,attendance,848,8848,
the-bangles-jones-beach-theatre-None,8/26/1989,dates,['Aug.'],['Aug. 11'],
the-bangles-jones-beach-theatre-None,8/26/1989,gross_receipts_us,,179440,
the-bangles-jones-beach-theatre-None,8/26/1989,attendance,,8972,
boston-pops-wolf-trap-farm-duly-park-None,8/26/1989,dates,['23'],['July 23'],
ozzy-osbourne-arco-arena-1989-08-05,8/26/1989,attendance,77,7117,
the-rolling-stones-alpine-valley-music-theatre-n-None,9/30/1989,dates,"['Sept. 8,9,']","['Sept. 8,9,', '11']",
the-rolling-stones-alpine-valley-music-theatre-n-None,9/30/1989,gross_receipts_us,,2941882,
the-rolling-stones-alpine-valley-music-theatre-n-None,9/30/1989,attendance,,105995,
the-rolling-stones-alpine-valley-music-theatre-n-None,9/30/1989,ticket_prices,['32.50/'],['32.50/26.50'],
the-who--oawiana.-alameda-county-stadium-1989-08-29,9/30/1989,gross_receipts_us,,2548325,
the-who--oawiana.-alameda-county-stadium-1989-08-29,9/30/1989,attendance,,101933,
the-rolling-stones-riverfront-uving-colour-stadium-1989-09-14,9/30/1989,gross_receipts_us,,1522536,
the-rolling-stones-carter-finley-stadium-1989-09-16,9/30/1989,attendance,,52881,
the-cure-dodger-stadium-1989-09-08,9/30/1989,gross_receipts_us,,1243525,
the-cure-dodger-stadium-1989-09-08,9/30/1989,attendance,,50000,
the-who-astrodome-houston-concerts-1989-09-02,9/30/1989,gross_receipts_us,,803835,
the-who-astrodome-houston-concerts-1989-09-02,9/30/1989,attendance,,35726,
bok-jowi-irvine-meadows-sxio-row-amphitheatre-1989-09-10,9/30/1989,gross_receipts_us,,632773,
bok-jowi-irvine-meadows-sxio-row-amphitheatre-1989-09-10,9/30/1989,attendance,,30000,
bok-jowi-irvine-meadows-sxio-row-amphitheatre-1989-09-10,9/30/1989,ticket_prices,"['25/822.50/', '18.50']","['25/22.50/', '18.50']",
80m-jovi-calexpo-amphitheatre-None,9/30/1989,gross_receipts_us,,551485,
80m-jovi-calexpo-amphitheatre-None,9/30/1989,attendance,,28000,
the-cure-shoreline-amphitheatre-1989-09-10,9/30/1989,ticket_prices,,['18.50/17.50'],
newakids-on-the-block-providence-civic-frank).-russo-center-1989-09-17,9/30/1989,gross_receipts_us,,268509,
newakids-on-the-block-providence-civic-frank).-russo-center-1989-09-17,9/30/1989,attendance,,14514,
"the-judds-western-washington-fairgrounds-puyallup,-1989-09-09",9/30/1989,attendance,,17325,
"the-judds-western-washington-fairgrounds-puyallup,-1989-09-09",9/30/1989,ticket_prices,['10/39'],['10/9'],
bon-jo-arizona-sxio-row-veterans-memorial-coliseum-&-state-fairgrounds-1989-09-12,9/30/1989,ticket_prices,"['19.50/518.50/', '10.35']","['19.50/18.50/', '10.35']",
the-cure-oakland--alameda-county-coliseum-1989-09-09,9/30/1989,ticket_prices,[],['18.50'],
the-cure-san-diego-sports-arena-1989-09-12,9/30/1989,ticket_prices,['1850'],['18.50'],
|--he-cure-compton-terrace-1989-09-13,9/30/1989,attendance,,12007,
|--he-cure-compton-terrace-1989-09-13,9/30/1989,ticket_prices,,"['18.50/17.50/', '16.50']",
stevie-nicks.-jories-beach-theatre-1989-08-25,9/30/1989,gross_receipts_us,,203660,
stevie-nicks.-jories-beach-theatre-1989-08-25,9/30/1989,attendance,,10183,
"the-rolling-stones-rfk-stadium-washington,-fe]-None",10/14/1989,dates,['Sept. 24-'],"['Sept. 24-', '25']",
metallica-irvine-meadows-amphitheatre-None,10/14/1989,dates,"['Sept. 21-', '2B']","['Sept. 21-', '23']",
vicente-fernanoez-los-angeles-sports-arena-1989-10-01,10/14/1989,ticket_prices,['30/25/'],"['30/25/', '15/10']",
john-denver-wolf-trap-farm-park-uv-None,10/14/1989,dates,"['Sept. 16-', '925/315 14,000']","['Sept. 16-', '925/315 14,000', '17']",
john-denver-wolf-trap-farm-park-uv-None,10/14/1989,ticket_prices,[],['25/15'],
agmrecords-children's-|-carnegie-hall-None,10/14/1989,dates,['Sept. 16-'],"['Sept. 16-', '17']",
mickey-rooney-&-donald-rialto-square-o'connor-theatre-1989-09-23,10/14/1989,dates,"['Sept. 23-', '2']","['Sept. 23-', '24']",
grateful-dead-charoltte-coliseum-1989-10-22,11/11/1989,attendance,,445476,
"benefit-for-amarillo-carl-farley-coliseum,-amarillo-civic-district)-center-civic-1989-10-16",11/11/1989,ticket_prices,"['250/100/', '50/815']","['250/100/', '50/15']",
jerry-lee-lewis/chuck-fox-theatre-1989-10-18,11/11/1989,attendance,,4506,
"reba-mcentire.-von-braun-civic-huntsville,-1989-10-21",11/11/1989,artists,"['REBA', 'HIGHWAY', 'TRADER PRICE']","['REBA McENTIRE', 'HIGHWAY', 'TRADER PRICE']",
"reba-mcentire.-von-braun-civic-huntsville,-1989-10-21",11/11/1989,location,"['McENTIRE. Von Braun Civic', 'Huntsville, Ala.']","['Von Braun Civic', 'Huntsville, Ala.']",
"reba-mcentire-music-hall,-tucson-community-center-1989-10-12",11/11/1989,artists,"['REBA', 'EDDIE RABBITT', 'TRADER PRICE']","['REBA McENTIRE', 'EDDIE RABBITT', 'TRADER PRICE']",
"reba-mcentire-music-hall,-tucson-community-center-1989-10-12",11/11/1989,location,"['McENTIRE Music Hall,', 'Tucson', 'Community', 'Center', 'Tucson, Ariz.']","['Music Hall,', 'Tucson', 'Community', 'Center', 'Tucson, Ariz.']",
the-rolling-stones-pontiac-silverdome-1989-12-09,1/6/1990,ticket_prices,[],['31'],
"billy-joel-centeum-in-worcester-worcester,-1989-12-06",1/6/1990,gross_receipts_us,,1621958,
"billy-joel-centeum-in-worcester-worcester,-1989-12-06",1/6/1990,attendance,,72087,
"motley-crue-centrum-in-worcester-worcester,-1989-12-15",1/6/1990,gross_receipts_us,,521528,
"motley-crue-centrum-in-worcester-worcester,-1989-12-15",1/6/1990,attendance,,26745,
paul-mecarthey-memorial-stadium-univ.-of-california-None,4/14/1990,artists,['PAUL'],['PAUL McCARTNEY'],
paul-mecarthey-memorial-stadium-univ.-of-california-None,4/14/1990,dates,"['March 31-', 'April']","['March 31-', 'April 1']",
paul-mecarthey-memorial-stadium-univ.-of-california-None,4/14/1990,gross_receipts_us,,3550560,
paul-mecarthey-memorial-stadium-univ.-of-california-None,4/14/1990,attendance,,118352,
paul-mecarthey-memorial-stadium-univ.-of-california-None,4/14/1990,location,"['MeCARTHEY Memorial', 'Stadium', 'Univ. of', 'California', 'Berkeley', 'Berkeley, Calif']","['Memorial', 'Stadium', 'Univ. of', 'California', 'Berkeley', 'Berkeley, Calif.']",
grateful-dead-knickerbocker-arena-1990-03-24,4/14/1990,dates,"['March 24', '6']","['March 24-', '26']",
grateful-dead-knickerbocker-arena-1990-03-24,4/14/1990,gross_receipts_us,,921262,
grateful-dead-knickerbocker-arena-1990-03-24,4/14/1990,attendance,,48993,
grateful-dead-knickerbocker-arena-1990-03-24,4/14/1990,location,"['Knickerbocker', 'Arena', 'Albany, N.Y. Cross Country', 'Concerts', 'Metropolitan', '-', 'Entertainment']","['Knickerbocker', 'Arena', 'Albany, N.Y.']",
new-kids-on-the-block-meadowlands-arena-1990-03-25,4/14/1990,artists,"['NEW KIDS ON THE BLOCK', 'SWEET SENSATION', 'BOBBY ROSS AVILA', 'PERFECT GENTLEMEN NJ']","['NEW KIDS ON THE BLOCK', 'SWEET SENSATION', 'BOBBY ROSS AVILA', 'PERFECT GENTLEMEN']",
new-kids-on-the-block-meadowlands-arena-1990-03-25,4/14/1990,dates,"['March 25-', '6']","['March 25-', '26']",
new-kids-on-the-block-meadowlands-arena-1990-03-25,4/14/1990,gross_receipts_us,,794694,
new-kids-on-the-block-meadowlands-arena-1990-03-25,4/14/1990,attendance,,40000,
new-kids-on-the-block-meadowlands-arena-1990-03-25,4/14/1990,location,"['Meadowlands', 'Arena', 'East Rutherford,']","['Meadowlands', 'Arena', 'East Rutherford,', 'NJ']",
janet-jackson-capital-centre-1990-03-22,4/14/1990,artists,"['JANET JACKSON', 'CHUCKI BOOKER']","['JANET JACKSON', 'CHUCKII BOOKER']",
janet-jackson-capital-centre-1990-03-22,4/14/1990,dates,['March 22.'],"['March 22', '& 29']",
janet-jackson-capital-centre-1990-03-22,4/14/1990,gross_receipts_us,,765112,
janet-jackson-capital-centre-1990-03-22,4/14/1990,attendance,,34581,
janet-jackson-capital-centre-1990-03-22,4/14/1990,ticket_prices,[],['22.50'],
|”-grateful-dead-cops-coliseum-1990-03-21,4/14/1990,dates,"['March 21-', '2']","['March 21-', '22']",
|”-grateful-dead-cops-coliseum-1990-03-21,4/14/1990,gross_receipts_us,,743913,
|”-grateful-dead-cops-coliseum-1990-03-21,4/14/1990,attendance,,34220,
|”-grateful-dead-cops-coliseum-1990-03-21,4/14/1990,location,"['Cops Coliseum', 'Hamilton,', 'Ontario Canadian) Donald K. Donald', 'Metropolitan', 'Entertainment']","['Cops Coliseum', 'Hamilton,', 'Ontario']",
benefit-for-mercy-charlotte-coliseum-1990-03-24,4/14/1990,gross_receipts_us,,692961,
benefit-for-mercy-charlotte-coliseum-1990-03-24,4/14/1990,attendance,,12601,
benefit-for-mercy-charlotte-coliseum-1990-03-24,4/14/1990,ticket_prices,['100/45/830'],['100/45/30'],
new-kids-on-the-block-nassau-veterans-memorial-1990-03-15,4/14/1990,artists,"['NEW KIDS ON THE BLOCK', 'SWEET SENSATION', 'PERFECT GENTLEMAN']","['NEW KIDS ON THE BLOCK', 'SWEET SENSATION', 'PERFECT GENTLEMAN', '(16TH)']",
new-kids-on-the-block-nassau-veterans-memorial-1990-03-15,4/14/1990,gross_receipts_us,,689913,
new-kids-on-the-block-nassau-veterans-memorial-1990-03-15,4/14/1990,attendance,,36000,
new-kids-on-the-block-nassau-veterans-memorial-1990-03-15,4/14/1990,location,"['Nassau', 'Veterans', 'Memorial', 'Uniondale, N.Y.']","['Nassau', 'Veterans', 'Memorial', 'Coliseum', 'Uniondale, N.Y.']",
"janet-jackson-centrum-in-worcester-worcester,-1990-03-26",4/14/1990,artists,"['JANET JACKSON', 'CHUCKH BOOKER']","['JANET JACKSON', 'CHUCKII BOOKER']",
"janet-jackson-centrum-in-worcester-worcester,-1990-03-26",4/14/1990,gross_receipts_us,,600458,
"janet-jackson-centrum-in-worcester-worcester,-1990-03-26",4/14/1990,attendance,,27600,
"rush-oakland--alameda-county-coliseum-oaktand,-1990-03-30",4/14/1990,gross_receipts_us,,509438,
"rush-oakland--alameda-county-coliseum-oaktand,-1990-03-30",4/14/1990,attendance,,26125,
|-ericclapton-dean-e.-smith-c&c-entertainment-center-1990-03-31,4/14/1990,location,"['Dean E. Smith', 'C&C Entertainment', 'Center', 'Univ. of North', 'Carolina,Chapel', 'Hil', 'Chape! Hill, N.C']","['Dean E. Smith', 'Center', 'Univ. of North', 'Carolina,Chapel', 'Hill', 'Chapel Hill, N.C']",
eric-clapton-charlotte-cellar-door-prods-coliseum-1990-03-30,4/14/1990,gross_receipts_us,,441225,
eric-clapton-charlotte-cellar-door-prods-coliseum-1990-03-30,4/14/1990,attendance,,19969,
eric-clapton-charlotte-cellar-door-prods-coliseum-1990-03-30,4/14/1990,location,"['Charlotte', 'Cellar Door Prods', 'Coliseum', 'Chariotte, n.c']","['Charlotte', 'Coliseum', 'Charlotte, N.C.']",
new-kids-on-the-block-copps-coliseum-concert-prods-1990-03-23,4/14/1990,gross_receipts_us,,361914,
new-kids-on-the-block-copps-coliseum-concert-prods-1990-03-23,4/14/1990,attendance,,17829,
new-kids-on-the-block-copps-coliseum-concert-prods-1990-03-23,4/14/1990,location,"['Copps Coliseum', 'Concert Prods', 'Hamilton,', 'Ontario Canadian) Donald K. Donald', 'Prods']","['Copps Coliseum', 'Hamilton,', 'Ontario']",
alice-cooper-fox-theatre-None,4/14/1990,dates,['March 18-'],"['March 18-', '21']",
alice-cooper-fox-theatre-None,4/14/1990,gross_receipts_us,,361050,
alice-cooper-fox-theatre-None,4/14/1990,attendance,,17525,
alice-cooper-fox-theatre-None,4/14/1990,location,"['Fox Theatre', 'Brass Ring Prods.', 'Detroit a']","['Fox Theatre', 'Detroit']",
gloria-estefan-and-miami-meadowlands-1990-03-04,4/14/1990,artists,"['GLORIA ESTEFAN & MIAMI', 'SOUND MACHINE', 'CHAS ELSTNER', 'NJ']","['GLORIA ESTEFAN & MIAMI', 'SOUND MACHINE', 'CHAS ELSTNER']",
gloria-estefan-and-miami-meadowlands-1990-03-04,4/14/1990,location,"['Meadowlands', 'Arena', 'East Rutherford,']","['Meadowlands', 'Arena', 'East Rutherford,', 'NJ']",
gloria-estefan-&-miami-meadowlands-arena-1990-03-04,4/14/1990,gross_receipts_us,,313658,
gloria-estefan-&-miami-meadowlands-arena-1990-03-04,4/14/1990,attendance,,16757,
eric-clapton-the-omni-atlanta-1990-03-28,4/14/1990,gross_receipts_us,,313658,
eric-clapton-the-omni-atlanta-1990-03-28,4/14/1990,attendance,,16757,
oana-ross.-copps-coliseum-1990-03-31,4/14/1990,artists,['OANA ROSS.'],['DIANA ROSS'],
oana-ross.-copps-coliseum-1990-03-31,4/14/1990,ticket_prices,[],['28.50'],
oana-ross.-copps-coliseum-1990-03-31,4/14/1990,location,"['Copps Coliseum', 'Hamilton,', 'Ontario Canadian) Donald K. Donald', 'Prods.']","['Copps Coliseum', 'Hamilton,', 'Ontario']",
|-the-highwaymen:-nassau-metropolitan-veterans-memorial-coliseum-1990-03-14,4/14/1990,ticket_prices,['22.50/820'],['22.50/20'],
|-the-highwaymen:-nassau-metropolitan-veterans-memorial-coliseum-1990-03-14,4/14/1990,location,"['Nassau', 'Metropolitan', 'Veterans', 'Memorial', 'Coliseum', 'Uniondale, N.Y.']","['Nassau', 'Veterans', 'Memorial', 'Coliseum', 'Uniondale, N.Y.']",
"cher-starplex-amphitheatre,-state-concerts-fairgrounds-of-1990-03-31",4/14/1990,location,"['Starplex', 'Amphitheatre,', 'State', 'Concerts', 'Fairgrounds of', 'Texas', 'Dallas']","['Starplex', 'Amphitheatre,', 'State', 'Fairgrounds of', 'Texas', 'Dallas']",
jerry-lewis-fox-theatre-1990-03-08,4/14/1990,ticket_prices,"['37.50/83250/', '25/820']","['37.50/32.50/', '25/20']",
rush-arco-arena-1990-03-28,4/14/1990,artists,"['RUSH ARCO', 'MR. BIG']","['RUSH', 'MR. BIG']",
rush-arco-arena-1990-03-28,4/14/1990,location,"['Arena', 'Sacramento,', 'Calif']","['ARCO Arena', 'Sacramento,', 'Calif']",
"rush-coliseum,-seattle-center-1990-03-26",4/14/1990,artists,"['RUSH', 'MR. BIG', 'L']","['RUSH', 'MR. BIG']",
"rush-coliseum,-seattle-center-1990-03-26",4/14/1990,gross_receipts_us,,219410,
"rush-coliseum,-seattle-center-1990-03-26",4/14/1990,attendance,,12299,
|-randy-travis-knickerbocker-arena-1990-03-30,4/14/1990,gross_receipts_us,,209254,
|-randy-travis-knickerbocker-arena-1990-03-30,4/14/1990,attendance,,11551,
alabama-richmond-coliseum-1990-03-24,4/14/1990,gross_receipts_us,,183750,
alabama-richmond-coliseum-1990-03-24,4/14/1990,attendance,,10500,
"alabama,-buffalo-memorial-auditorium-1990-03-23",4/14/1990,gross_receipts_us,,183600,
"alabama,-buffalo-memorial-auditorium-1990-03-23",4/14/1990,attendance,,10200,
"alabama,-buffalo-memorial-auditorium-1990-03-23",4/14/1990,ticket_prices,[],['18'],
whitesnake-|-reunion-arena-1990-03-17,4/14/1990,artists,"['WHITESNAKE |', 'PACE']","['WHITESNAKE', 'BAD ENGLISH']",
whitesnake-|-reunion-arena-1990-03-17,4/14/1990,attendance,,10091,
whitesnake-|-reunion-arena-1990-03-17,4/14/1990,location,"['Reunion Arena', 'Concerts', '_ BAD ENGLISH Dallas |_']","['Reunion Arena', 'Dallas']",
phil-collins-nassau-veterans-memorial-coliseum-1990-05-31,6/16/1990,attendance,62500,52500,
phil-collins-nassau-veterans-memorial-coliseum-1990-05-31,6/16/1990,promoter,['Ron Delsener'],"['Ron Delsener', 'Enterprises']",
"world-series-of-rock-alpine-valley-east-troy,-group-1990-05-26",6/16/1990,artists,"['WORLD SERIES OF ROCK', 'WHITESNAKE', 'SKID ROW', 'GREAT WHITE', 'BAD ENGLISH', 'HERICANE ALICE']","['WORLD SERIES OF ROCK', ""'90:"",  'WHITESNAKE', 'SKID ROW', 'GREAT WHITE', 'BAD ENGLISH', 'HERICANE ALICE']",
"world-series-of-rock-alpine-valley-east-troy,-group-1990-05-26",6/16/1990,promoter,"['Joseph', 'Entertainment', 'Group']",,
"world-series-of-rock-alpine-valley-east-troy,-group-1990-05-26",6/16/1990,ticket_prices,[],['32.50/25.50'],
"madonna-rosemont-horizon-rosemont,-il.-1990-05-23",6/16/1990,attendance,,33954,
aerosmith-palace-None,6/16/1990,gross_receipts_us,,866385,
aerosmith-palace-None,6/16/1990,attendance,,38506,
aerosmith-palace-None,6/16/1990,promoter,"['38,506 Belkin Prods.']","['Belkin Prods.', 'Cellar Door Prods.']",
aerosmith-palace-None,6/16/1990,location,"['Palace of', 'Auburt Hills a', 'Door Prods.', 'Auburn Hills,', 'Mich']","['Palace of', 'Auburn Hills', 'Auburn Hills,', 'Mich.']",
don-henley-garden-state-arts-center-1990-05-29,6/16/1990,artists,"['DON HENLEY', 'L']",['DON HENLEY'],
cher-world-music-theatre-1990-06-02,6/16/1990,location,"['World Music', 'Theatre', 'Tinley Park, Ih']","['World Music', 'Theatre', 'Tinley Park, Ill.']",
motley-crue-neil-s.-blaisdell-center-None,6/16/1990,dates,['May 31-'],"['May 31-', 'June 1']",
motley-crue-neil-s.-blaisdell-center-None,6/16/1990,location,"['Neil S. Blaisdell', 'Center june L', 'Honolulu sellout']","['Neil S. Blaisdell', 'Center', 'Honolulu']",
mel-torme/rosemary-fox-theatre-1990-05-17,6/16/1990,gross_receipts_us,279296,279295,
mel-torme/rosemary-fox-theatre-1990-05-17,6/16/1990,ticket_prices,"['50/37.50/', '25/85']","['50/37.50/', '25/5']",
david-bowie-starplex-concerts-amphitheatre-state-fey-concert-co.-fairgrounds-1990-06-04,6/16/1990,artists,"['DAVID BOWIE', 'MCA', 'FRANKLY SCARLET']","['DAVID BOWIE', 'FRANKLY SCARLET']",
david-bowie-starplex-concerts-amphitheatre-state-fey-concert-co.-fairgrounds-1990-06-04,6/16/1990,promoter,"['', '20.000 PACE Concerts']","['MCA Concerts', 'PACE Concerts', 'Fey Concert Co.', 'BCL Group']",
david-bowie-starplex-concerts-amphitheatre-state-fey-concert-co.-fairgrounds-1990-06-04,6/16/1990,location,"['Starplex', 'Concerts', 'Amphitheatre', 'State Fey Concert Co.', 'Fairgrounds of BCL Group', 'Texas,', 'Dallas']","['Starplex', 'Amphitheatre', 'State', 'Fairgrounds of', 'Texas', 'Dallas']",
roseanne-barr-fox-theatre-1990-05-09,6/16/1990,gross_receipts_us,,274320,
roseanne-barr-fox-theatre-1990-05-09,6/16/1990,attendance,,12282,
roseanne-barr-fox-theatre-1990-05-09,6/16/1990,ticket_prices,['25/820'],['25/20'],
fleetwood-mac-pacific-coliseum-1990-05-25,6/16/1990,ticket_prices,['28/826'],['28/26'],
midnight-oil-radio-city-music-hall-1990-05-29,6/16/1990,gross_receipts_us,,257140,
midnight-oil-radio-city-music-hall-1990-05-29,6/16/1990,attendance,,10837,
reggae-sunsplash:-greek-theatre-1990-05-26,6/16/1990,artists,"['REGGAE SUNSPLASH:', 'BURNING SPEAR', 'FREDDIE MCGREGOR', 'MARCIA GRIFFITHS', 'SHINEHEAD.', 'SHELLY THUNDER,', 'BAND.']","['REGGAE SUNSPLASH:', 'BURNING SPEAR', 'FREDDIE MCGREGOR', 'MARCIA GRIFFITHS', 'SHINEHEAD', 'U-ROY', 'SHELLY THUNDER,', '809',  'BAND']",
reggae-sunsplash:-greek-theatre-1990-05-26,6/16/1990,promoter,['Nederlander'],"['Nederlander', 'Organization']",
reggae-sunsplash:-greek-theatre-1990-05-26,6/16/1990,location,"['Greek Theatre', 'Los Angeles', 'uROY']","['Greek Theatre', 'Los Angeles']",
alan-king/joel-gray-westbury-music-fair-None,6/16/1990,dates,"['May 30+', 'June 3']","['May 30-', 'June 3']",
alan-king/joel-gray-westbury-music-fair-None,6/16/1990,location,"['Westbury Music', 'Fair', 'Westbury, #.Y. sellout']","['Westbury Music', 'Fair', 'Westbury, N.Y.']",
"|-alabama-patriot-center-george-mason-unw,-1990-06-01",6/16/1990,promoter,['Keith Fowler'],"['Keith Fowler', 'Prods']",
reggae-sunsplash:-irvine-meadows-dune-amphitheatre-None,6/16/1990,artists,"['REGGAE SUNSPLASH:', 'BURNINGSPEAR', 'FREODIE MCGREGOR', 'MARCIA GRIFFITHS', 'SHINEHEAD', 'SHELLY THUNDER,', 'BAND']","['REGGAE SUNSPLASH:', 'BURNING SPEAR', 'FREODIE MCGREGOR', 'MARCIA GRIFFITHS', 'SHINEHEAD', 'U-ROY', 'SHELLY THUNDER, 809', 'BAND']",
reggae-sunsplash:-irvine-meadows-dune-amphitheatre-None,6/16/1990,dates,"['2', '809']",['June 2'],
reggae-sunsplash:-irvine-meadows-dune-amphitheatre-None,6/16/1990,location,"['Irvine Meadows dune', 'Amphitheatre', 'Laguna Kills,', 'Calit', 'uROY']","['Irvine Meadows', 'Amphitheatre', 'Laguna Hills,', 'Calif.']",
bally-joel-yankee-stadium-1990-06-22,7/14/1990,ticket_prices,[],['30'],
madonna-meadowlands-1990-06-24,7/14/1990,artists,"['MADONNA', 'TECHNOTRONIC', 'NJ.']","['MADONNA', 'TECHNOTRONIC']",
madonna-meadowlands-1990-06-24,7/14/1990,location,"['Meadowlands:', 'Arena', 'East Rutherford,']","['Meadowlands:', 'Arena', 'East Rutherford,', 'N.J.']",
billy-joel-providence-center-1990-06-27,7/14/1990,gross_receipts_us,,1043700,
billy-joel-providence-center-1990-06-27,7/14/1990,attendance,,42600,
david-bowe-palace-of-1990-06-22,7/14/1990,gross_receipts_us,,980625,
david-bowe-palace-of-1990-06-22,7/14/1990,attendance,,39225,
david-bowe-palace-of-1990-06-22,7/14/1990,location,"['Bowe Palace of', 'Auburn Hills', 'Auburn Hills,', 'Mich.']","['Palace of', 'Auburn Hills', 'Auburn Hills,', 'Mich.']",
depeche-mode-stadium-1990-06-22,7/14/1990,promoter,['Concert Prods.'],"['Concert Prods.', 'International']",
gipsy-kings-the-greek-1990-06-23,7/14/1990,promoter,['Nederlander'],"['Nederlander', 'Organization']",
fleetwood-mac-world-music-1990-06-27,7/14/1990,location,"['World Music', 'Theatre', 'Tinley Park, (Il.']","['World Music', 'Theatre', 'Tinley Park, Ill.']",
b52s-mann-music-1990-06-23,7/14/1990,artists,"['B52S', 'DGGY MARLEY & THE', 'MELODY MAKERS.']","[""B-52'S"", 'DGGY MARLEY & THE', 'MELODY MAKERS.']",
b52s-mann-music-1990-06-23,7/14/1990,attendance,13847,13147,
budweiser-superfest-the-summit-dune-None,7/14/1990,artists,"['BUOWEISER SUPERFEST:', 'MAZE FEATURING FRANKIE', 'BEVERLY', 'STEPHANIE MALLS.', 'GAP BAND', 'CHRISTOPHER WILLIAMS']","['BUOWEISER SUPERFEST:', 'MAZE FEATURING FRANKIE', 'BEVERLY', 'STEPHANIE MALLS.', 'GAP BAND', 'TONY! TONI! TONE!', 'CHRISTOPHER WILLIAMS']",
budweiser-superfest-the-summit-dune-None,7/14/1990,dates,['22'],['June 22'],
budweiser-superfest-the-summit-dune-None,7/14/1990,ticket_prices,['23.75/822.75'],['23.75/22.75'],
budweiser-superfest-the-summit-dune-None,7/14/1990,location,"['The Summit dune', 'Houston', 'TONY! TON# TONE!']","['The Summit', 'Houston']",
b57-jones-beach-1990-06-28,7/14/1990,artists,"['B57', 'THE PYLON']","[""B-52'S"", 'THE PYLON']",
steve-miller-mann-music-1990-06-22,7/14/1990,attendance,11875,11975,
steve-miller-garden-state-1990-06-27,7/14/1990,ticket_prices,['22.50/815'],['22.50/15'],
steve-miller-garden-state-1990-06-27,7/14/1990,location,"['Garden State', 'Arts Center', 'Holmdel, Nu.']","['Garden State', 'Arts Center', 'Holmdel, N.J.']",
steve-miller-seashore-1990-06-29,7/14/1990,ticket_prices,['20/519'],['20/19'],
nss-the-spectrum-1990-06-26,7/14/1990,artists,"['NSS', 'SLAUGHTER:', 'UTTLE CAESAR']","['KISS', 'SLAUGHTER:', 'LITTLE CAESAR']",
mc-hanmer-thompson-dune-None,7/14/1990,artists,"['MC. HANMER', 'MICHELE', 'TROOP']","['MC. HANMER', 'AFTER 7', ""MICHEL'LE"", ""OAKTOWN'S 3-5-7"", 'TROOP']",
mc-hanmer-thompson-dune-None,7/14/1990,location,"['Thompson dune', 'AFTER? Boling Assembly', 'Center & Arena', ""OAKTOWN'S"", 'of', 'Tennessee,', 'Knoxville', 'Knoxville, Tenn.']","['Thompson', 'Boiling Assembly', 'Center & Arena', 'Univ. of', 'Tennessee,', 'Knoxville', 'Knoxville, Tenn.']",
ac-hammer-tallahassee-1990-06-23,7/14/1990,artists,"['AC. HAMMER', 'AFTER', 'MICHELLE.', 'TROOP']","['AC. HAMMER', 'AFTER 7', 'MICHELLE.', ""OAKTOWN'S 3-5-7"", 'TROOP']",
ac-hammer-tallahassee-1990-06-23,7/14/1990,location,"['Tallahassee-', 'County', 'Cwic Center', ""OAKTOWN'S"", 'Fla.']","['Tallahassee-', 'Leon County', 'Cwic Center', 'Tallahassee, Fla.']",
ziggy-marley-and-the-seashore-1990-06-30,7/14/1990,ticket_prices,['20/519'],['20/19'],
"frank-sinatra-olympic-saddledome-prods.-calgary,-canadian)-1991-05-03",6/1/1991,dates,['May 3'],['May 9'],
"frank-sinatra-olympic-saddledome-prods.-calgary,-canadian)-1991-05-03",6/1/1991,attendance,7788,7748,
"frank-sinatra-olympic-saddledome-prods.-calgary,-canadian)-1991-05-03",6/1/1991,promoter,['Perryscope'],"['Perryscope', 'Concert Prods.']",
the-judds-jon-m.-huntsman-center-1991-05-01,6/1/1991,dates,['May 1'],['May 11'],
the-judds-jon-m.-huntsman-center-1991-05-01,6/1/1991,ticket_prices,"['34.50/824.50/', '19.50']","['34.50/24.50/', '19.50']",
"““the-simple-truth""a-wembley-arena-1991-05-12",6/1/1991,artists,"['â€œâ€œTHE SIMPLE TRUTH""A', 'CONCERT FOR KURDISH', 'REFUGEES:', 'MMC, HAMMER, SNAP, GIPSY', 'KINGS, CHRIS DE BURGH', 'TOM JONES, LISA', 'STANSFIELD, ALLISON', 'BEVERLY CRAVEN,', ""ALEXANDER O'NEAL: VIA"", 'SATELLITE:', 'NEW KIDS ON THE BLOCK,', 'STING, ROD STEWART', 'INXS, PAUL SIMON, PETER', 'GABRIEL', ""SINEAD O'CONNOR, HALL &"", 'OATES.']","[""'â€œâ€œTHE SIMPLE TRUTH'—A"", 'CONCERT FOR KURDISH', 'REFUGEES:', 'MMC, HAMMER, SNAP, GIPSY', 'KINGS, CHRIS DE BURGH', 'TOM JONES, LISA', 'STANSFIELD, ALLISON', 'MOYET', 'BEVERLY CRAVEN,', ""ALEXANDER O'NEAL: VIA"", 'SATELLITE:', 'NEW KIDS ON THE BLOCK,', 'STING, ROD STEWART', 'INXS, PAUL SIMON, PETER', 'GABRIEL', ""SINEAD O'CONNOR, HALL &"", 'OATES.']",
"““the-simple-truth""a-wembley-arena-1991-05-12",6/1/1991,ticket_prices,['25.20'],['25.70'],
"““the-simple-truth""a-wembley-arena-1991-05-12",6/1/1991,location,"['Wembley Arena =', 'London', 'pounds)', 'MOvET']","['Wembley Arena =', 'London']",
whitney-houston-arco-arena-after?-1991-05-12,6/1/1991,artists,['WHITNEY HOUSTON ARCO'],"['WHITNEY HOUSTON', 'AFTER 7']",
whitney-houston-arco-arena-after?-1991-05-12,6/1/1991,location,"['Arena', 'AFTER? Sacramento,', 'Catt']","['ARCO Arena', 'Sacramento,', 'Catt']",
"steve-winwood-starplex-amphitheatre,-state-fairgrounds-of-1991-05-17",6/1/1991,ticket_prices,['23/818'],['23/18'],
clint-black-red-rocks-amphitheatre-1991-05-17,6/1/1991,promoter,['Beaver Prods.'],"['Beaver Prods.', 'Fey Concert Co.']",
clint-black-red-rocks-amphitheatre-1991-05-17,6/1/1991,ticket_prices,['21.45/518.15'],['21.45/18.15'],
clint-black-red-rocks-amphitheatre-1991-05-17,6/1/1991,location,"['Red Rocks', 'Amphitheatre', 'Concert Co.', 'Denver']","['Red Rocks', 'Amphitheatre', 'Denver']",
"clint-black-tingley-coliseum,-new-menico-state-fairgrounds-1991-05-18",6/1/1991,artists,"['CLINT BLACK', 'MERLE HAGGARD', 'LORRIE MORGAN', 'NM.']","['CLINT BLACK', 'MERLE HAGGARD', 'LORRIE MORGAN']",
"clint-black-tingley-coliseum,-new-menico-state-fairgrounds-1991-05-18",6/1/1991,location,"['Tingley', 'Coliseum, New', 'Menico State', 'Fairgrounds', 'Albuquerque,']","['Tingley', 'Coliseum, New', 'Menico State', 'Fairgrounds', 'Albuquerque,', 'N.M.']",
"clint-black-tingley-coliseum,-new-menico-state-fairgrounds-1991-05-18",6/1/1991,ticket_prices,['22/818'],['22/18'],
"alabama-starpiex-amphitheatre,-state-farrgrounds-of-dallas-1991-05-18",6/1/1991,ticket_prices,['22/818'],['22/18'],
yes-blockbuster-desert-sky-pavilion-None,6/1/1991,dates,['May'],['May 11'],
yes-blockbuster-desert-sky-pavilion-None,6/1/1991,gross_receipts_us,,170983,
yes-blockbuster-desert-sky-pavilion-None,6/1/1991,attendance,,9720,
the-judds-spokane-center-coliseum-1991-05-09,6/1/1991,gross_receipts_us,170377,170177,
the-judds-spokane-center-coliseum-1991-05-09,6/1/1991,attendance,,6946,
yes-arco-arena-1991-05-16,6/1/1991,artists,['YES ARCO'],['YES'],
yes-arco-arena-1991-05-16,6/1/1991,location,"['Arena', 'Sacramento,', 'Cali.']","['ARCO Arena', 'Sacramento,', 'Cali.']",
julio-iglesias-arco-arena-1991-05-19,6/1/1991,artists,['JULIO IGLESIAS ARCO'],['JULIO IGLESIAS'],
julio-iglesias-arco-arena-1991-05-19,6/1/1991,location,"['Arena', 'Sacramento,', 'Cali.']","['ARCO Arena', 'Sacramento,', 'Cali.']",
whitney-houston-winnipeg-arena-None,6/1/1991,artists,['WHITNEY HOUSTON'],"['WHITNEY HOUSTON', 'AFTER 7']",
whitney-houston-winnipeg-arena-None,6/1/1991,location,"['Winnipeg Arena', 'AFTER? Winnipeg,', 'Manitoba Canadian)']","['Winnipeg Arena', 'Winnipeg,', 'Manitoba Canadian)']",
styx-sunrise-musical-theatre-1991-05-16,6/1/1991,gross_receipts_us,,140770,
styx-sunrise-musical-theatre-1991-05-16,6/1/1991,attendance,,6856,
